target_id	length	eff_length	est_counts	tpm
TRINITY_DN96852_c0_g2_i1.p1	1647	1506.16	6670	608.74
TRINITY_DN70563_c0_g1_i2.p1	405	266.016	546	282.138
TRINITY_DN54028_c0_g1_i1.p1	378	239.729	790	452.985
TRINITY_DN79247_c0_g1_i2.p1	762	621.194	2177	481.735
TRINITY_DN36817_c0_g1_i1.p1	561	420.413	350	114.438
TRINITY_DN55846_c0_g1_i1.p1	891	750.169	721	132.115
TRINITY_DN71375_c0_g1_i1.p1	456	316.035	656	285.328
TRINITY_DN65962_c0_g1_i1.p1	756	615.194	844	188.585
TRINITY_DN26288_c0_g2_i1.p1	1257	1116.16	1547	190.52
TRINITY_DN81414_c1_g1_i1.p1	792	651.178	821	173.309
TRINITY_DN73561_c0_g2_i3.p1	750	609.194	1931.41	435.81
TRINITY_DN73561_c0_g2_i2.p1	711	570.215	3189.59	768.904
TRINITY_DN83768_c0_g1_i3.p1	1062	921.16	497	74.1649
TRINITY_DN88162_c0_g1_i1.p1	765	624.194	2544	560.24
TRINITY_DN62982_c0_g1_i1.p1	1365	1224.16	3526	395.932
TRINITY_DN28583_c0_g1_i1.p1	765	624.194	1485	327.027
TRINITY_DN12775_c0_g1_i1.p1	543	402.453	401	136.964
TRINITY_DN83606_c0_g1_i2.p1	1977	1836.16	1134	84.8945
TRINITY_DN81808_c0_g2_i1.p1	960	819.16	527	88.4339
TRINITY_DN79729_c2_g1_i1.p1	2223	2082.16	1488	98.2349
TRINITY_DN88617_c0_g1_i1.p1	543	402.453	1850	631.878
TRINITY_DN35148_c0_g1_i1.p1	384	245.568	244	136.583
TRINITY_DN76601_c0_g1_i1.p1	633	492.28	164	45.794
TRINITY_DN88716_c0_g1_i1.p1	588	447.36	849	260.872
TRINITY_DN93724_c0_g1_i1.p1	402	263.075	1347	703.826
TRINITY_DN70398_c0_g1_i2.p1	1176	1035.16	2101	278.994
TRINITY_DN84888_c0_g1_i1.p1	1239	1098.16	2999	375.394
TRINITY_DN66724_c0_g1_i1.p1	405	266.016	13365	6906.18
TRINITY_DN36139_c0_g1_i1.p1	522	381.55	7068	2546.37
TRINITY_DN88364_c0_g1_i1.p1	330	193.937	1896	1343.86
TRINITY_DN49740_c0_g1_i1.p1	1077	936.16	274	40.2325
TRINITY_DN49421_c0_g2_i1.p1	498	357.688	14349	5514.35
TRINITY_DN11074_c0_g1_i1.p1	873	732.169	8629	1620.04
TRINITY_DN69365_c0_g1_i1.p1	537	396.483	732	253.784
TRINITY_DN80106_c0_g1_i1.p1	867	726.169	262	49.5952
TRINITY_DN80208_c0_g1_i1.p1	1995	1854.16	3128	231.898
TRINITY_DN71473_c1_g1_i1.p1	639	498.28	149	41.1045
TRINITY_DN55880_c0_g1_i1.p1	1080	939.16	597	87.3799
TRINITY_DN14283_c0_g1_i1.p1	1134	993.16	1237	171.209
TRINITY_DN24509_c0_g1_i1.p1	729	588.208	376	87.8686
TRINITY_DN80744_c0_g1_i1.p1	648	507.28	728	197.27
TRINITY_DN80265_c1_g1_i1.p1	1239	1098.16	11039	1381.79
TRINITY_DN29973_c0_g1_i1.p1	1314	1173.16	2045	239.614
TRINITY_DN91430_c0_g1_i1.p1	804	663.178	1435	297.439
TRINITY_DN25643_c0_g1_i1.p1	1449	1308.16	7044	740.177
TRINITY_DN80258_c0_g1_i1.p1	1032	891.16	1489	229.676
TRINITY_DN62309_c0_g1_i1.p1	369	231.072	112	66.6267
TRINITY_DN8154_c0_g1_i1.p1	1200	1059.16	3821	495.898
TRINITY_DN13845_c0_g2_i1.p1	327	191.136	1108	796.844
TRINITY_DN84859_c0_g1_i1.p1	774	633.194	1260	273.534
TRINITY_DN59570_c0_g1_i1.p1	951	810.16	853	144.729
TRINITY_DN11081_c0_g1_i1.p1	549	408.433	3876	1304.49
TRINITY_DN80209_c0_g1_i1.p1	1668	1527.16	2665	239.878
TRINITY_DN73083_c1_g1_i1.p2	744	603.194	131	29.8532
TRINITY_DN96823_c0_g1_i1.p1	606	465.321	607	179.313
TRINITY_DN55911_c0_g1_i2.p1	2337	2196.16	31578	1976.5
TRINITY_DN97502_c0_g1_i1.p1	531	390.54	1711	602.228
TRINITY_DN13868_c0_g1_i1.p1	1131	990.16	902	125.221
TRINITY_DN25507_c0_g1_i1.p1	1056	915.16	12241	1838.64
TRINITY_DN75628_c0_g1_i1.p1	1092	951.16	2645	382.251
TRINITY_DN76734_c0_g1_i1.p1	1803	1662.16	1201	99.3224
TRINITY_DN87940_c0_g1_i1.p1	2373	2232.16	5290	325.767
TRINITY_DN70951_c0_g1_i2.p1	417	277.677	5915	2928.14
TRINITY_DN14018_c0_g2_i1.p1	927	786.169	1566	273.812
TRINITY_DN56780_c0_g1_i1.p1	1161	1020.16	12035	1621.64
TRINITY_DN57711_c0_g1_i1.p1	2013	1872.16	1751	128.564
TRINITY_DN77674_c0_g1_i1.p1	966	825.16	2489	414.633
TRINITY_DN79041_c2_g1_i1.p1	876	735.169	1287	240.64
TRINITY_DN32151_c0_g1_i1.p1	1761	1620.16	2550	216.351
TRINITY_DN91096_c0_g1_i1.p1	840	699.169	4372	859.557
TRINITY_DN69678_c0_g1_i1.p1	642	501.28	3619	992.395
TRINITY_DN80619_c0_g1_i1.p1	774	633.194	1192	258.771
TRINITY_DN73837_c0_g1_i2.p1	540	399.458	341	117.344
TRINITY_DN38214_c0_g1_i1.p1	516	375.568	618	226.191
TRINITY_DN37839_c0_g2_i1.p1	579	438.377	89	27.9074
TRINITY_DN60062_c0_g1_i1.p1	507	366.587	1315	493.09
TRINITY_DN91224_c0_g1_i1.p1	330	193.937	1016	720.126
TRINITY_DN83534_c0_g1_i1.p1	3771	3630.16	3098	117.309
TRINITY_DN57583_c0_g1_i1.p1	1614	1473.16	1182	110.292
TRINITY_DN100299_c0_g1_i1.p1	633	492.28	3342	933.192
TRINITY_DN67599_c0_g1_i2.p2	432	292.372	533	250.593
TRINITY_DN52624_c0_g1_i1.p1	723	582.208	784	185.103
TRINITY_DN59228_c0_g1_i1.p1	798	657.178	1589	332.367
TRINITY_DN62833_c0_g1_i1.p1	597	456.349	2855	859.974
TRINITY_DN67991_c0_g1_i1.p1	939	798.169	287	49.4269
TRINITY_DN72288_c0_g1_i1.p1	975	834.16	1311	216.038
TRINITY_DN82903_c0_g1_i2.p1	1134	993.16	722	99.9298
TRINITY_DN58765_c0_g1_i1.p1	315	179.974	358	273.432
TRINITY_DN45815_c0_g1_i1.p1	384	245.568	1354	757.922
TRINITY_DN99754_c0_g1_i1.p1	885	744.169	1692	312.54
TRINITY_DN85154_c0_g1_i1.p1	408	268.908	497	254.056
TRINITY_DN77977_c0_g1_i1.p1	318	182.722	60	45.1373
TRINITY_DN87829_c0_g1_i1.p1	1290	1149.16	17269	2065.68
TRINITY_DN78180_c0_g1_i1.p1	681	540.222	184	46.819
TRINITY_DN36476_c0_g1_i1.p1	672	531.262	10505	2718.09
TRINITY_DN79776_c0_g1_i1.p1	1059	918.16	426	63.7776
TRINITY_DN100227_c0_g1_i1.p1	399	260.168	737	389.395
TRINITY_DN12219_c0_g1_i1.p1	441	301.19	5487	2504.21
TRINITY_DN75483_c0_g1_i1.p1	975	834.16	553	91.1282
TRINITY_DN67014_c0_g1_i1.p1	831	690.169	649	129.26
TRINITY_DN37748_c0_g1_i1.p1	2202	2061.16	9293	619.756
TRINITY_DN68078_c0_g1_i1.p1	909	768.169	412	73.7254
TRINITY_DN69330_c1_g1_i1.p1	471	330.866	9365	3890.75
TRINITY_DN69330_c0_g1_i1.p2	780	639.194	2820	606.448
TRINITY_DN10498_c0_g1_i1.p1	390	251.381	706	386.054
TRINITY_DN10316_c0_g1_i1.p1	1725	1584.16	1775	154.02
TRINITY_DN73783_c0_g1_i1.p1	396	257.213	151	80.6978
TRINITY_DN28281_c0_g1_i1.p1	660	519.262	827	218.925
TRINITY_DN82813_c0_g1_i5.p1	1719	1578.16	696	60.6227
TRINITY_DN82099_c0_g1_i1.p1	924	783.169	733	128.655
TRINITY_DN71900_c0_g1_i1.p2	1467	1326.16	1860	192.794
TRINITY_DN76634_c0_g1_i1.p1	582	441.377	446	138.9
TRINITY_DN76138_c0_g1_i1.p1	456	316.035	764	332.303
TRINITY_DN82420_c0_g1_i1.p1	1473	1332.16	643	66.3486
TRINITY_DN81267_c0_g2_i1.p1	849	708.169	237	46.0032
TRINITY_DN25608_c0_g1_i1.p1	1935	1794.16	2310	176.981
TRINITY_DN1245_c0_g1_i1.p1	1224	1083.16	2858	362.699
TRINITY_DN50444_c0_g1_i1.p1	1371	1230.16	2897	323.716
TRINITY_DN81891_c0_g2_i1.p1	333	196.77	255	178.139
TRINITY_DN80127_c0_g1_i1.p1	1893	1752.16	1158	90.8472
TRINITY_DN13863_c0_g1_i1.p1	501	360.618	8689	3312.07
TRINITY_DN76935_c0_g2_i1.p1	429	289.426	274	130.134
TRINITY_DN892_c0_g2_i1.p1	840	699.169	1321	259.715
TRINITY_DN7948_c0_g1_i1.p1	324	188.332	26	18.9769
TRINITY_DN67243_c0_g1_i1.p1	1293	1152.16	2725	325.11
TRINITY_DN99727_c0_g1_i1.p1	459	319.012	10808	4657.09
TRINITY_DN82546_c0_g1_i1.p1	1488	1347.16	846	86.3233
TRINITY_DN83911_c1_g1_i1.p1	1083	942.16	469	68.4266
TRINITY_DN77968_c0_g1_i1.p1	429	289.426	175	83.1147
TRINITY_DN66595_c1_g1_i1.p2	537	396.483	102	35.3633
TRINITY_DN77357_c0_g1_i1.p1	660	519.262	520	137.656
TRINITY_DN56055_c1_g1_i1.p1	573	432.387	141	44.8253
TRINITY_DN74306_c0_g1_i1.p1	1128	987.16	660	91.9038
TRINITY_DN54928_c0_g3_i1.p1	831	690.169	789	157.144
TRINITY_DN80371_c0_g1_i1.p2	603	462.332	241	71.6538
TRINITY_DN3541_c0_g1_i1.p1	1596	1455.16	9789	924.708
TRINITY_DN65792_c0_g1_i1.p1	1374	1233.16	4527	504.624
TRINITY_DN73396_c1_g1_i1.p1	1041	900.16	723	110.407
TRINITY_DN55254_c0_g1_i2.p1	429	289.426	552	262.168
TRINITY_DN65025_c0_g1_i2.p1	768	627.194	773	169.416
TRINITY_DN72677_c0_g1_i1.p1	456	316.035	532	231.394
TRINITY_DN72892_c0_g1_i1.p1	504	363.609	518	195.827
TRINITY_DN55058_c0_g1_i1.p1	471	330.866	502	208.559
TRINITY_DN100132_c0_g1_i1.p1	552	411.433	1770	591.358
TRINITY_DN65399_c0_g1_i1.p1	342	205.264	1700	1138.45
TRINITY_DN88234_c0_g1_i1.p1	1125	984.16	881	123.052
TRINITY_DN94379_c0_g1_i1.p2	339	202.408	2482	1685.59
TRINITY_DN50519_c0_g1_i1.p1	462	321.973	325	138.753
TRINITY_DN99976_c0_g1_i1.p1	372	233.991	1399	821.854
TRINITY_DN63017_c0_g1_i1.p1	2766	2625.16	8378	438.694
TRINITY_DN55583_c0_g2_i1.p1	906	765.169	1063	190.964
TRINITY_DN72980_c0_g2_i1.p1	318	182.722	2989	2248.59
TRINITY_DN82879_c0_g1_i1.p1	672	531.262	427	110.483
TRINITY_DN36761_c0_g1_i1.p1	849	708.169	311	60.3671
TRINITY_DN55800_c0_g1_i1.p1	1911	1770.16	5537	429.971
TRINITY_DN87907_c0_g1_i1.p1	933	792.169	6312	1095.28
TRINITY_DN96783_c0_g1_i1.p1	705	564.222	2288	557.42
TRINITY_DN50032_c0_g1_i2.p1	1461	1320.16	3645	379.532
TRINITY_DN51448_c1_g1_i1.p1	717	576.215	1487	354.734
TRINITY_DN99777_c0_g1_i1.p1	933	792.169	2817	488.816
TRINITY_DN59307_c0_g2_i1.p1	2049	1908.16	6475	466.446
TRINITY_DN75497_c0_g1_i1.p1	1329	1188.16	14270	1650.92
TRINITY_DN85125_c0_g1_i1.p2	756	615.194	1050	234.614
TRINITY_DN13931_c0_g1_i1.p1	354	216.668	2210	1402.09
TRINITY_DN99960_c0_g1_i1.p1	1449	1308.16	2304	242.102
TRINITY_DN63268_c0_g1_i1.p1	1305	1164.16	4393	518.711
TRINITY_DN67209_c0_g1_i2.p1	342	205.264	35	23.4387
TRINITY_DN68849_c0_g2_i1.p1	549	408.433	54	18.1739
TRINITY_DN69814_c0_g1_i1.p1	846	705.169	3484	679.143
TRINITY_DN10572_c0_g1_i1.p1	2442	2301.16	10343	617.841
TRINITY_DN29661_c0_g1_i1.p1	387	248.455	3428	1896.57
TRINITY_DN55729_c0_g1_i1.p1	852	711.169	1589	307.134
TRINITY_DN100599_c0_g1_i1.p1	444	304.161	4686	2117.76
TRINITY_DN56436_c0_g1_i1.p1	1065	924.16	681	101.292
TRINITY_DN72028_c0_g2_i1.p1	924	783.169	3945	692.417
TRINITY_DN54506_c0_g1_i1.p1	621	480.292	1460	417.854
TRINITY_DN75108_c0_g1_i1.p1	387	248.455	19928	11025.3
TRINITY_DN62172_c0_g1_i1.p1	762	621.194	129	28.5456
TRINITY_DN75555_c0_g1_i1.p1	633	492.28	743	207.469
TRINITY_DN74280_c0_g1_i1.p1	348	210.974	1203	783.813
TRINITY_DN88837_c0_g1_i1.p1	612	471.315	1619	472.185
TRINITY_DN32376_c0_g2_i1.p1	345	208.112	3561	2352.08
TRINITY_DN69139_c1_g1_i1.p1	399	260.168	74	39.098
TRINITY_DN50570_c0_g2_i1.p1	987	846.16	1409	228.895
TRINITY_DN37145_c0_g1_i1.p2	369	231.072	1137	676.38
TRINITY_DN96854_c0_g1_i1.p1	1431	1290.16	3607	384.308
TRINITY_DN72444_c0_g1_i1.p1	375	236.864	2105	1221.6
TRINITY_DN52321_c0_g1_i2.p1	1251	1110.16	1695	209.875
TRINITY_DN21896_c0_g1_i1.p1	951	810.16	4984	845.637
TRINITY_DN39125_c0_g1_i1.p1	1260	1119.16	2838	348.576
TRINITY_DN82125_c0_g1_i1.p1	720	579.208	1892	449.017
TRINITY_DN87902_c0_g2_i1.p1	1032	891.16	1826	281.658
TRINITY_DN84998_c0_g1_i1.p1	1068	927.16	3009	446.113
TRINITY_DN76861_c0_g1_i1.p1	822	681.178	373	75.2705
TRINITY_DN78539_c0_g1_i2.p1	1251	1110.16	1041	128.897
TRINITY_DN77021_c0_g1_i1.p1	2109	1968.16	1117	78.0135
TRINITY_DN93782_c0_g1_i1.p1	783	642.186	1175	251.509
TRINITY_DN67524_c0_g1_i1.p1	1761	1620.16	5336	452.725
TRINITY_DN84873_c0_g1_i1.p1	3576	3435.16	8910	356.539
TRINITY_DN54727_c0_g1_i1.p1	1578	1437.16	2789	266.76
TRINITY_DN71445_c0_g1_i1.p2	480	339.812	1015	410.586
TRINITY_DN54975_c0_g1_i1.p1	843	702.169	5781	1131.72
TRINITY_DN25587_c0_g2_i1.p1	477	336.829	2293	935.775
TRINITY_DN28113_c0_g1_i1.p1	636	495.28	3133	869.533
TRINITY_DN99825_c0_g1_i1.p1	879	738.169	2155	401.299
TRINITY_DN76708_c0_g1_i1.p1	2385	2244.16	1471	90.1023
TRINITY_DN75317_c0_g1_i2.p1	1926	1785.16	1308	100.718
TRINITY_DN55019_c0_g1_i1.p1	729	588.208	1680	392.604
TRINITY_DN58795_c0_g1_i1.p1	963	822.16	1069	178.73
TRINITY_DN55112_c0_g1_i1.p1	687	546.222	1888	475.127
TRINITY_DN69655_c0_g1_i1.p2	726	585.208	442	103.822
TRINITY_DN79758_c0_g1_i1.p1	828	687.178	12461	2492.65
TRINITY_DN96775_c0_g1_i1.p1	1047	906.16	11481	1741.61
TRINITY_DN99701_c0_g1_i1.p1	375	236.864	129	74.8631
TRINITY_DN58612_c0_g1_i1.p1	927	786.169	1013	177.121
TRINITY_DN93935_c0_g1_i1.p1	501	360.618	20731	7902.23
TRINITY_DN24560_c0_g1_i1.p1	711	570.215	3135	755.745
TRINITY_DN37011_c0_g1_i1.p1	549	408.433	3136	1055.43
TRINITY_DN97003_c0_g1_i1.p1	2361	2220.16	8980	555.992
TRINITY_DN99718_c0_g1_i1.p1	681	540.222	2150	547.07
TRINITY_DN90968_c0_g1_i1.p2	360	222.405	1981	1224.38
TRINITY_DN49386_c0_g1_i1.p1	408	268.908	1045	534.183
TRINITY_DN97854_c0_g1_i1.p1	387	248.455	221	122.27
TRINITY_DN25755_c0_g3_i1.p1	570	429.387	1398	447.543
TRINITY_DN68763_c1_g1_i1.p1	639	498.28	5857	1615.77
TRINITY_DN77491_c0_g3_i1.p1	726	585.208	608	142.814
TRINITY_DN97135_c0_g1_i1.p1	408	268.908	955	488.177
TRINITY_DN49510_c0_g1_i1.p1	699	558.222	150	36.9369
TRINITY_DN90787_c0_g1_i1.p1	1152	1011.16	1423	193.447
TRINITY_DN55032_c0_g1_i1.p1	489	348.749	3024	1191.92
TRINITY_DN55212_c0_g1_i1.p1	1902	1761.16	3646	284.574
TRINITY_DN75966_c0_g3_i1.p1	1386	1245.16	1695	187.121
TRINITY_DN80551_c0_g1_i1.p1	1215	1074.16	2623	335.665
TRINITY_DN16080_c0_g1_i1.p1	570	429.387	675	216.088
TRINITY_DN54614_c0_g1_i1.p1	528	387.54	4823	1710.71
TRINITY_DN79480_c0_g1_i1.p1	528	387.54	334	118.469
TRINITY_DN51979_c0_g1_i1.p1	543	402.453	2759	942.352
TRINITY_DN75728_c0_g1_i1.p1	1308	1167.16	8240	970.451
TRINITY_DN90895_c0_g1_i1.p1	951	810.16	11031	1871.63
TRINITY_DN84498_c2_g5_i1.p1	1878	1737.16	2436	192.759
TRINITY_DN87876_c0_g1_i1.p1	1329	1188.16	949	109.791
TRINITY_DN66536_c0_g2_i1.p1	1119	978.16	871	122.401
TRINITY_DN60429_c0_g1_i2.p2	423	283.577	53	25.6911
TRINITY_DN76229_c0_g1_i1.p1	840	699.169	874	171.833
TRINITY_DN55141_c0_g1_i1.p1	423	283.577	519	251.578
TRINITY_DN79337_c0_g2_i1.p1	813	672.178	264	53.9879
TRINITY_DN81025_c1_g1_i1.p1	579	438.377	1131	354.643
TRINITY_DN79796_c0_g1_i1.p1	1365	1224.16	254	28.5215
TRINITY_DN14330_c0_g1_i1.p1	612	471.315	2821	822.751
TRINITY_DN25505_c0_g1_i1.p1	777	636.194	754	162.914
TRINITY_DN83522_c1_g1_i2.p1	792	651.178	388	81.9047
TRINITY_DN76135_c0_g2_i1.p1	1494	1353.16	1314	133.482
TRINITY_DN71484_c0_g3_i1.p1	501	360.618	202	76.9983
TRINITY_DN94063_c0_g1_i1.p1	885	744.169	1542	284.832
TRINITY_DN74260_c0_g1_i1.p1	990	849.16	296	47.9158
TRINITY_DN76127_c0_g1_i1.p1	633	492.28	7959	2222.4
TRINITY_DN16031_c0_g2_i1.p1	597	456.349	165	49.7008
TRINITY_DN65753_c0_g1_i1.p1	885	744.169	7120	1315.18
TRINITY_DN11097_c0_g1_i1.p1	1407	1266.16	2894	314.186
TRINITY_DN80443_c2_g4_i1.p1	846	705.169	2333	454.776
TRINITY_DN81721_c1_g1_i1.p1	1608	1467.16	305	28.5759
TRINITY_DN16355_c0_g2_i1.p1	801	660.178	590	122.848
TRINITY_DN34863_c0_g1_i1.p1	732	591.201	1015	235.998
TRINITY_DN88253_c0_g1_i1.p1	723	582.208	1805	426.163
TRINITY_DN79375_c0_g1_i1.p1	948	807.16	433	73.7404
TRINITY_DN73180_c0_g2_i1.p1	1449	1308.16	2998	315.027
TRINITY_DN82139_c0_g1_i1.p1	690	549.222	271	67.8263
TRINITY_DN71982_c0_g1_i1.p1	1089	948.16	847	122.794
TRINITY_DN77012_c1_g1_i1.p1	1014	873.16	183	28.8094
TRINITY_DN73297_c0_g1_i1.p1	936	795.169	656	113.402
TRINITY_DN78158_c0_g1_i1.p1	1365	1224.16	563	63.2189
TRINITY_DN60146_c0_g1_i1.p1	738	597.194	1344	309.358
TRINITY_DN24286_c0_g1_i1.p1	1017	876.16	796	124.884
TRINITY_DN79359_c1_g1_i1.p3	450	310.097	340	150.716
TRINITY_DN10564_c0_g1_i1.p1	792	651.178	860	181.541
TRINITY_DN100266_c0_g1_i1.p1	483	342.808	532	213.323
TRINITY_DN80682_c0_g1_i1.p2	588	447.36	1925	591.494
TRINITY_DN50622_c0_g1_i1.p1	1398	1257.16	2846	311.187
TRINITY_DN55051_c0_g1_i1.p2	660	519.262	217	57.4448
TRINITY_DN51355_c0_g1_i1.p1	897	756.169	198	35.9934
TRINITY_DN94022_c0_g1_i1.p1	504	363.609	627	237.034
TRINITY_DN57119_c0_g1_i1.p1	456	316.035	4197	1825.49
TRINITY_DN93780_c0_g1_i1.p1	1479	1338.16	5314	545.871
TRINITY_DN76873_c0_g1_i1.p1	846	705.169	974	189.864
TRINITY_DN38760_c0_g1_i1.p1	951	810.16	318	53.9552
TRINITY_DN67828_c0_g2_i1.p1	399	260.168	249	131.56
TRINITY_DN59849_c0_g1_i1.p1	519	378.559	172	62.4556
TRINITY_DN76725_c0_g1_i1.p1	687	546.222	632	159.047
TRINITY_DN100172_c0_g2_i1.p2	693	552.222	3231	804.266
TRINITY_DN78018_c0_g1_i1.p1	1122	981.16	3032	424.782
TRINITY_DN87865_c0_g1_i1.p1	2595	2454.16	15365	860.61
TRINITY_DN13840_c0_g1_i1.p1	3759	3618.16	5597	212.64
TRINITY_DN10545_c0_g1_i1.p1	858	717.169	2985	572.136
TRINITY_DN49012_c0_g1_i1.p1	1116	975.16	1496	210.879
TRINITY_DN37424_c0_g2_i1.p1	354	216.668	366	232.201
TRINITY_DN79929_c0_g1_i1.p2	555	414.423	264	87.5662
TRINITY_DN97180_c0_g1_i1.p1	1083	942.16	13425	1958.69
TRINITY_DN60999_c0_g2_i1.p1	687	546.222	3059	769.816
TRINITY_DN3543_c0_g1_i1.p1	624	483.286	9181	2611.33
TRINITY_DN64863_c0_g1_i1.p2	450	310.097	12372	5484.28
TRINITY_DN79389_c0_g1_i1.p1	1059	918.16	2836	424.585
TRINITY_DN84357_c1_g3_i1.p1	1380	1239.16	3344	370.95
TRINITY_DN74042_c0_g1_i3.p1	618	477.298	2575	741.591
TRINITY_DN40767_c0_g2_i1.p1	1239	1098.16	2384	298.413
TRINITY_DN52212_c0_g1_i2.p1	1080	939.16	1006	147.243
TRINITY_DN76537_c0_g1_i1.p1	726	585.208	275	64.595
TRINITY_DN67747_c0_g2_i1.p1	1320	1179.16	1238	144.319
TRINITY_DN99940_c0_g1_i1.p1	510	369.578	6436	2393.8
TRINITY_DN69143_c0_g2_i1.p2	543	402.453	1131	386.299
TRINITY_DN85596_c0_g1_i1.p1	894	753.169	1299	237.079
TRINITY_DN74830_c0_g1_i1.p1	573	432.387	400	127.164
TRINITY_DN74113_c0_g1_i1.p1	537	396.483	704	244.076
TRINITY_DN74547_c1_g1_i1.p1	471	330.866	56	23.2655
TRINITY_DN59382_c0_g1_i1.p2	1305	1164.16	3348	395.321
TRINITY_DN80951_c0_g1_i1.p1	1278	1137.16	1205	145.661
TRINITY_DN51816_c0_g1_i1.p1	822	681.178	504	101.706
TRINITY_DN48450_c0_g2_i1.p1	411	271.801	452	228.593
TRINITY_DN75264_c0_g1_i1.p1	336	199.59	259	178.377
TRINITY_DN67687_c0_g1_i1.p1	1305	1164.16	391	46.168
TRINITY_DN81946_c0_g1_i2.p1	2130	1989.16	491	33.9304
TRINITY_DN82759_c1_g1_i1.p1	2001	1860.16	718	53.058
TRINITY_DN52134_c0_g1_i1.p1	945	804.16	345	58.973
TRINITY_DN55120_c0_g1_i1.p1	543	402.453	751	256.508
TRINITY_DN80790_c0_g2_i1.p1	2700	2559.16	1708	91.7418
TRINITY_DN44921_c0_g1_i1.p1	1581	1440.16	5541	528.877
TRINITY_DN80917_c1_g1_i1.p1	621	480.292	335	95.8774
TRINITY_DN81793_c0_g2_i1.p1	1260	1119.16	596	73.2034
TRINITY_DN82709_c0_g1_i3.p1	1161	1020.16	933	125.716
TRINITY_DN91141_c0_g1_i1.p1	813	672.178	1623	331.903
TRINITY_DN43088_c0_g1_i1.p1	462	321.973	2427	1036.16
TRINITY_DN1126_c0_g1_i1.p3	447	307.116	71	31.7785
TRINITY_DN68191_c0_g1_i1.p1	1329	1188.16	1431	165.555
TRINITY_DN40749_c0_g2_i1.p2	315	179.974	55	42.0078
TRINITY_DN73440_c0_g1_i1.p1	915	774.169	148	26.2786
TRINITY_DN69490_c0_g2_i1.p1	2049	1908.16	1030	74.1992
TRINITY_DN70649_c0_g1_i1.p1	957	816.16	262	44.1268
TRINITY_DN67539_c0_g1_i1.p1	513	372.573	1381	509.517
TRINITY_DN75775_c0_g1_i1.p1	660	519.262	281	74.387
TRINITY_DN79272_c0_g4_i1.p1	453	313.062	253	111.088
TRINITY_DN40669_c0_g1_i1.p1	408	268.908	233	119.105
TRINITY_DN82078_c0_g2_i2.p1	1221	1080.16	511	65.0294
TRINITY_DN78042_c0_g1_i1.p1	366	228.185	1812	1091.56
TRINITY_DN79156_c0_g1_i1.p1	1704	1563.16	1002	88.1132
TRINITY_DN66834_c0_g2_i1.p1	363	225.314	183	111.645
TRINITY_DN59765_c0_g1_i1.p1	1728	1587.16	1692	146.54
TRINITY_DN69791_c0_g1_i1.p1	591	450.355	730	222.815
TRINITY_DN88081_c0_g1_i1.p1	324	188.332	7980	5824.44
TRINITY_DN99806_c0_g1_i1.p1	687	546.222	3863	972.148
TRINITY_DN37574_c0_g2_i1.p1	444	304.161	5805	2623.47
TRINITY_DN25929_c0_g1_i1.p1	1407	1266.16	1340	145.477
TRINITY_DN80986_c0_g1_i1.p1	2313	2172.16	3339	211.301
TRINITY_DN1599_c0_g2_i1.p1	840	699.169	1100	216.265
TRINITY_DN69405_c0_g1_i1.p1	1086	945.16	853	124.057
TRINITY_DN1176_c0_g2_i1.p1	375	236.864	197	114.326
TRINITY_DN66155_c0_g1_i1.p1	840	699.169	195	38.338
TRINITY_DN81410_c0_g1_i1.p1	3123	2982.16	9026	416.046
TRINITY_DN50864_c1_g1_i1.p1	780	639.194	1657	356.342
TRINITY_DN84128_c1_g1_i2.p1	2469	2328.16	1285	75.8695
TRINITY_DN67750_c1_g1_i1.p1	633	492.28	1564	436.718
TRINITY_DN66683_c1_g1_i1.p1	918	777.169	192	33.9596
TRINITY_DN81256_c1_g2_i1.p1	705	564.222	2403	585.437
TRINITY_DN77269_c0_g1_i2.p1	735	594.194	806	186.459
TRINITY_DN73389_c0_g1_i1.p2	1029	888.16	1149	177.83
TRINITY_DN79764_c0_g1_i1.p1	996	855.16	296	47.5797
TRINITY_DN70595_c0_g1_i1.p1	1161	1020.16	1009	135.956
TRINITY_DN72323_c0_g2_i1.p1	1764	1623.16	1526	129.232
TRINITY_DN74138_c0_g1_i1.p1	651	510.262	237	63.8458
TRINITY_DN68474_c0_g1_i1.p1	420	280.622	287	140.584
TRINITY_DN70045_c1_g1_i1.p1	1056	915.16	650	97.6322
TRINITY_DN77464_c0_g3_i1.p1	516	375.568	1120	409.926
TRINITY_DN93792_c0_g1_i1.p1	1140	999.16	1714	235.805
TRINITY_DN54675_c0_g1_i1.p1	381	242.634	2763	1565.33
TRINITY_DN69382_c0_g1_i1.p1	669	528.262	272	70.7777
TRINITY_DN84673_c3_g1_i3.p1	1317	1176.16	498	58.2023
TRINITY_DN80547_c0_g1_i1.p1	1953	1812.16	5469	414.847
TRINITY_DN83140_c0_g1_i1.p1	2676	2535.16	2589	140.379
TRINITY_DN78250_c0_g1_i1.p1	1335	1194.16	2392	275.344
TRINITY_DN65274_c0_g2_i1.p1	783	642.186	236	50.5159
TRINITY_DN80501_c0_g1_i1.p1	1128	987.16	1313	182.833
TRINITY_DN88070_c0_g1_i1.p1	891	750.169	735	134.681
TRINITY_DN70959_c0_g2_i1.p1	723	582.208	841	198.561
TRINITY_DN55136_c0_g2_i1.p2	315	179.974	2772	2117.19
TRINITY_DN38177_c0_g1_i1.p1	1164	1023.16	5802	779.491
TRINITY_DN37336_c0_g1_i1.p1	1788	1647.16	1978	165.07
TRINITY_DN83612_c0_g1_i1.p1	6006	5865.16	7658	179.478
TRINITY_DN62993_c0_g1_i1.p1	414	274.744	107	53.5343
TRINITY_DN48799_c0_g1_i1.p1	549	408.433	3066	1031.88
TRINITY_DN73616_c0_g1_i1.p1	2694	2553.16	7696	414.347
TRINITY_DN97213_c0_g1_i1.p1	540	399.458	1005	345.837
TRINITY_DN77839_c0_g1_i1.p1	1062	921.16	271	40.44
TRINITY_DN78373_c0_g1_i1.p1	2907	2766.16	3116	154.845
TRINITY_DN54356_c0_g1_i1.p1	444	304.161	645	291.496
TRINITY_DN62492_c0_g3_i1.p1	738	597.194	1511	347.797
TRINITY_DN80206_c0_g2_i1.p1	360	222.405	472	291.726
TRINITY_DN14341_c0_g1_i1.p1	588	447.36	240	73.7447
TRINITY_DN93904_c0_g1_i1.p1	441	301.19	2453	1119.52
TRINITY_DN75129_c0_g1_i1.p1	717	576.215	202	48.1885
TRINITY_DN81077_c0_g1_i1.p1	1188	1047.16	457	59.9902
TRINITY_DN72347_c0_g2_i1.p1	354	216.668	527	334.344
TRINITY_DN69893_c0_g2_i1.p1	3795	3654.16	3669	138.018
TRINITY_DN71410_c0_g1_i1.p1	957	816.16	1096	184.592
TRINITY_DN13898_c0_g1_i1.p1	615	474.304	2086	604.553
TRINITY_DN84732_c0_g2_i1.p1	915	774.169	287	50.9592
TRINITY_DN75574_c0_g1_i1.p1	324	188.332	5884	4294.61
TRINITY_DN50461_c0_g2_i1.p1	504	363.609	63	23.8168
TRINITY_DN71389_c0_g1_i1.p1	792	651.178	273	57.6288
TRINITY_DN57757_c1_g1_i1.p1	1182	1041.16	1712	226.028
TRINITY_DN81390_c0_g1_i4.p2	519	378.559	203	73.7121
TRINITY_DN67667_c0_g1_i1.p1	1239	1098.16	1068	133.685
TRINITY_DN56643_c1_g1_i1.p1	507	366.587	594	222.734
TRINITY_DN79566_c0_g1_i2.p1	876	735.169	1160	216.894
TRINITY_DN74344_c0_g1_i1.p1	585	444.36	865	267.582
TRINITY_DN55124_c0_g1_i1.p1	426	286.503	139	66.6902
TRINITY_DN63010_c0_g1_i1.p1	522	381.55	5629	2027.95
TRINITY_DN79004_c0_g2_i1.p1	423	283.577	136	65.9242
TRINITY_DN80671_c0_g1_i1.p1	1869	1728.16	361	28.7144
TRINITY_DN12749_c0_g1_i1.p1	654	513.262	1326	355.125
TRINITY_DN80530_c0_g1_i1.p1	1239	1098.16	5867	734.391
TRINITY_DN38711_c0_g1_i1.p1	1218	1077.16	939	119.829
TRINITY_DN78706_c1_g1_i1.p1	927	786.169	169	29.5493
TRINITY_DN81458_c1_g1_i1.p1	981	840.16	416	68.0626
TRINITY_DN78338_c0_g1_i2.p1	813	672.178	205	41.9224
TRINITY_DN60910_c0_g2_i1.p1	351	213.809	165	106.08
TRINITY_DN87889_c0_g1_i1.p1	669	528.262	2490	647.929
TRINITY_DN94306_c0_g1_i1.p1	435	295.293	479	222.977
TRINITY_DN55249_c0_g2_i1.p1	882	741.169	139	25.7795
TRINITY_DN94579_c0_g1_i1.p2	342	205.264	54	36.1625
TRINITY_DN10274_c0_g1_i1.p1	363	225.314	395	240.983
TRINITY_DN75344_c0_g1_i1.p1	1023	882.16	799	124.502
TRINITY_DN73703_c0_g1_i1.p1	1023	882.16	505	78.6903
TRINITY_DN74411_c0_g1_i1.p1	354	216.668	3079	1953.41
TRINITY_DN79207_c0_g1_i1.p1	1797	1656.16	1762	146.245
TRINITY_DN38481_c0_g1_i1.p1	582	441.377	761	237.002
TRINITY_DN82652_c1_g2_i1.p1	1734	1593.16	2484	214.323
TRINITY_DN81874_c0_g2_i1.p1	501	360.618	722	275.212
TRINITY_DN78988_c0_g1_i1.p1	963	822.16	3289	549.901
TRINITY_DN50629_c0_g1_i1.p1	600	459.344	553	165.487
TRINITY_DN68023_c0_g1_i1.p1	438	298.242	77	35.4894
TRINITY_DN74888_c0_g1_i1.p2	477	336.829	1454	593.379
TRINITY_DN77166_c0_g1_i1.p1	576	435.382	9597	3029.99
TRINITY_DN78352_c0_g1_i1.p1	606	465.321	204	60.2635
TRINITY_DN99933_c0_g1_i1.p1	438	298.242	2931	1350.9
TRINITY_DN77226_c0_g1_i1.p1	393	254.291	390	210.819
TRINITY_DN99963_c0_g1_i1.p1	660	519.262	1768	468.029
TRINITY_DN80352_c0_g1_i1.p1	1011	870.16	209	33.016
TRINITY_DN91241_c0_g1_i1.p1	675	534.249	421	108.322
TRINITY_DN77044_c0_g1_i2.p1	1152	1011.16	1690	229.744
TRINITY_DN71721_c0_g1_i1.p1	360	222.405	1045	645.876
TRINITY_DN50075_c0_g1_i1.p1	747	606.194	32816	7441.34
TRINITY_DN76463_c0_g1_i1.p1	600	459.344	695	207.981
TRINITY_DN42898_c0_g1_i1.p1	1344	1203.16	1925	219.93
TRINITY_DN65902_c0_g2_i1.p1	930	789.169	2380	414.556
TRINITY_DN84180_c8_g2_i1.p1	846	705.169	121	23.5868
TRINITY_DN54270_c0_g1_i1.p1	1338	1197.16	3960	454.695
TRINITY_DN77689_c1_g1_i4.p2	627	486.286	161	45.5104
TRINITY_DN52684_c0_g1_i1.p1	1050	909.16	965	145.903
TRINITY_DN25766_c0_g1_i1.p1	615	474.304	6039	1750.19
TRINITY_DN71469_c0_g1_i1.p1	1857	1716.16	1786	143.054
TRINITY_DN97549_c0_g1_i1.p1	735	594.194	895	207.048
TRINITY_DN96878_c0_g1_i1.p1	669	528.262	3789	985.944
TRINITY_DN59478_c0_g1_i1.p1	1131	990.16	8048	1117.27
TRINITY_DN56351_c0_g2_i2.p1	1509	1368.16	18843	1893.17
TRINITY_DN88106_c0_g1_i1.p1	684	543.222	2008	508.116
TRINITY_DN77158_c0_g1_i1.p1	576	435.382	240	75.7735
TRINITY_DN14098_c0_g1_i1.p2	468	327.874	1335	559.695
TRINITY_DN96838_c0_g1_i1.p2	444	304.161	5901	2666.85
TRINITY_DN84470_c0_g1_i1.p1	384	245.568	357	199.836
TRINITY_DN11044_c0_g1_i1.p1	570	429.387	2354	753.588
TRINITY_DN79030_c0_g1_i1.p1	1542	1401.16	1175	115.273
TRINITY_DN76460_c0_g2_i2.p1	3693	3552.16	11920	461.276
TRINITY_DN94357_c0_g1_i1.p1	567	426.392	2803	903.629
TRINITY_DN69934_c0_g1_i1.p1	1008	867.16	2704	428.632
TRINITY_DN59839_c0_g1_i1.p1	666	525.262	829	216.948
TRINITY_DN69862_c0_g1_i1.p1	1734	1593.16	6383	550.735
TRINITY_DN54571_c0_g1_i1.p1	444	304.161	2322	1049.39
TRINITY_DN72537_c1_g1_i1.p1	1011	870.16	5933	937.243
TRINITY_DN80715_c0_g1_i3.p1	1092	951.16	302	43.6446
TRINITY_DN97315_c0_g1_i1.p1	420	280.622	4748	2325.77
TRINITY_DN71586_c0_g1_i1.p1	360	222.405	7437	4596.53
TRINITY_DN76101_c0_g1_i1.p1	1869	1728.16	2876	228.761
TRINITY_DN87913_c0_g1_i1.p1	762	621.194	9981	2208.63
TRINITY_DN68917_c0_g1_i1.p1	1044	903.16	2250	342.448
TRINITY_DN60406_c0_g2_i1.p1	2358	2217.16	4937	306.086
TRINITY_DN88265_c0_g1_i1.p1	1044	903.16	2314	352.189
TRINITY_DN79913_c0_g1_i2.p1	987	846.16	494	80.2512
TRINITY_DN14162_c0_g1_i1.p1	576	435.382	1396	440.749
TRINITY_DN73176_c0_g1_i1.p1	1308	1167.16	1191	140.268
TRINITY_DN70128_c0_g1_i1.p1	972	831.16	1374	227.237
TRINITY_DN78477_c0_g1_i1.p1	1080	939.16	606	88.6972
TRINITY_DN75573_c0_g2_i1.p1	780	639.194	187	40.2148
TRINITY_DN71559_c0_g1_i1.p1	1554	1413.16	1705	165.848
TRINITY_DN69988_c0_g1_i1.p1	765	624.194	997	219.56
TRINITY_DN75658_c0_g1_i1.p1	1968	1827.16	1267	95.3184
TRINITY_DN51909_c0_g1_i1.p1	318	182.722	33	24.8255
TRINITY_DN64160_c0_g1_i1.p1	519	378.559	22888	8310.95
TRINITY_DN68009_c0_g1_i1.p1	990	849.16	1452	235.047
TRINITY_DN78627_c0_g1_i1.p1	1239	1098.16	7139	893.611
TRINITY_DN93861_c0_g1_i1.p1	825	684.178	7366	1479.92
TRINITY_DN96942_c0_g1_i1.p1	1119	978.16	1254	176.224
TRINITY_DN76017_c3_g1_i1.p1	2106	1965.16	2175	152.138
TRINITY_DN76552_c0_g1_i1.p1	993	852.16	2210	356.491
TRINITY_DN91008_c0_g1_i1.p1	429	289.426	1631	774.629
TRINITY_DN40269_c0_g1_i1.p1	891	750.169	2238	410.088
TRINITY_DN67472_c0_g1_i1.p1	2766	2625.16	7604	398.165
TRINITY_DN68709_c0_g2_i1.p1	1194	1053.16	633	82.6202
TRINITY_DN67492_c0_g2_i1.p1	1212	1071.16	1595	204.684
TRINITY_DN78501_c0_g2_i1.p1	1137	996.16	523	72.1688
TRINITY_DN1520_c0_g1_i2.p1	879	738.169	845	157.354
TRINITY_DN97806_c0_g1_i1.p2	351	213.809	2076	1334.69
TRINITY_DN91888_c0_g1_i1.p1	471	330.866	62	25.7583
TRINITY_DN75465_c0_g1_i1.p1	663	522.262	513	135.022
TRINITY_DN68879_c0_g1_i2.p1	636	495.28	394	109.351
TRINITY_DN84963_c0_g1_i1.p1	576	435.382	601	189.75
TRINITY_DN81310_c0_g1_i2.p1	969	828.16	282	46.8071
TRINITY_DN79720_c0_g1_i1.p1	651	510.262	1609	433.451
TRINITY_DN99695_c0_g1_i1.p1	993	852.16	1126	181.633
TRINITY_DN93721_c0_g1_i1.p2	777	636.194	6182	1335.72
TRINITY_DN75567_c0_g1_i1.p1	705	564.222	3608	879.009
TRINITY_DN78279_c0_g1_i1.p1	993	852.16	2205	355.684
TRINITY_DN75450_c0_g1_i1.p1	762	621.194	533	117.944
TRINITY_DN77881_c2_g1_i1.p1	981	840.16	587	96.0402
TRINITY_DN80681_c3_g1_i1.p1	483	342.808	895	358.88
TRINITY_DN25563_c0_g1_i1.p1	1530	1389.16	3399	336.338
TRINITY_DN62185_c0_g1_i1.p2	447	307.116	59	26.4075
TRINITY_DN81798_c0_g1_i1.p1	549	408.433	408	137.314
TRINITY_DN29219_c0_g1_i1.p2	426	286.503	45	21.5903
TRINITY_DN60302_c0_g1_i1.p1	873	732.169	1273	238.998
TRINITY_DN72240_c0_g1_i1.p1	1071	930.16	1618	239.11
TRINITY_DN80320_c0_g1_i4.p1	1629	1488.16	1013	93.57
TRINITY_DN25557_c0_g1_i1.p1	591	450.355	580	177.031
TRINITY_DN69687_c1_g1_i1.p1	546	405.438	215	72.8937
TRINITY_DN50430_c0_g1_i1.p1	726	585.208	1065	250.159
TRINITY_DN80244_c0_g1_i1.p1	861	720.169	1026	195.835
TRINITY_DN84606_c0_g5_i1.p1	2841	2700.16	17400	885.802
TRINITY_DN57422_c0_g2_i1.p1	951	810.16	172	29.1833
TRINITY_DN84381_c3_g10_i1.p1	423	283.577	320	155.116
TRINITY_DN76255_c1_g1_i1.p1	1164	1023.16	319	42.8572
TRINITY_DN84732_c0_g3_i1.p1	1368	1227.16	2363	264.691
TRINITY_DN100392_c0_g1_i1.p1	903	762.169	3113	561.441
TRINITY_DN22891_c0_g1_i1.p1	774	633.194	818	177.58
TRINITY_DN74679_c0_g1_i1.p1	876	735.169	675	126.21
TRINITY_DN54939_c0_g1_i1.p1	1605	1464.16	14111	1324.79
TRINITY_DN87972_c0_g1_i1.p2	612	471.315	833	242.946
TRINITY_DN9964_c0_g1_i1.p1	726	585.208	373	87.6143
TRINITY_DN49156_c1_g1_i1.p1	807	666.178	315	64.9976
TRINITY_DN77747_c0_g1_i1.p1	1074	933.16	248	36.5319
TRINITY_DN79051_c1_g1_i1.p1	804	663.178	518	107.368
TRINITY_DN67235_c0_g1_i1.p1	873	732.169	636	119.405
TRINITY_DN100665_c0_g1_i1.p1	360	222.405	947	585.306
TRINITY_DN93951_c0_g1_i1.p1	2694	2553.16	8406	452.573
TRINITY_DN82372_c0_g1_i1.p1	1020	879.16	807	126.178
TRINITY_DN82939_c0_g1_i1.p1	1239	1098.16	2117	264.992
TRINITY_DN72768_c0_g1_i1.p1	2172	2031.16	5434	367.75
TRINITY_DN77007_c0_g1_i1.p1	2202	2061.16	5426	361.864
TRINITY_DN84660_c0_g2_i1.p1	417	277.677	1810	896.017
TRINITY_DN82286_c0_g1_i1.p1	1479	1338.16	3439	353.265
TRINITY_DN14962_c0_g1_i1.p1	540	399.458	2666	917.414
TRINITY_DN69851_c0_g1_i1.p1	1227	1086.16	1924	243.494
TRINITY_DN69072_c0_g1_i1.p1	1899	1758.16	819	64.0328
TRINITY_DN67438_c0_g1_i1.p1	756	615.194	930	207.801
TRINITY_DN74805_c0_g1_i1.p1	492	351.736	460	179.77
TRINITY_DN70934_c0_g1_i1.p1	549	408.433	2064	694.649
TRINITY_DN59386_c0_g1_i1.p3	384	245.568	476	266.448
TRINITY_DN81836_c0_g1_i1.p1	981	840.16	280	45.8113
TRINITY_DN25418_c0_g1_i1.p1	561	420.413	760	248.493
TRINITY_DN77817_c0_g1_i1.p1	1206	1065.16	437	56.3954
TRINITY_DN6524_c0_g2_i1.p1	1020	879.16	984	153.852
TRINITY_DN77711_c0_g2_i2.p1	405	266.016	1643	848.997
TRINITY_DN85524_c0_g1_i1.p1	906	765.169	2529	454.326
TRINITY_DN59723_c0_g2_i1.p1	390	251.381	1601	875.457
TRINITY_DN80996_c0_g1_i1.p1	870	729.169	431	81.2504
TRINITY_DN76650_c0_g1_i1.p1	2985	2844.16	5064	244.747
TRINITY_DN81328_c0_g1_i1.p1	1629	1488.16	1497	138.277
TRINITY_DN61168_c0_g1_i1.p1	753	612.194	1446	324.68
TRINITY_DN76733_c0_g1_i1.p1	1290	1149.16	708	84.6895
TRINITY_DN69777_c0_g1_i1.p1	612	471.315	4998	1457.68
TRINITY_DN93848_c0_g1_i1.p1	450	310.097	395	175.096
TRINITY_DN67946_c0_g1_i3.p1	1860	1719.16	1830	146.323
TRINITY_DN25675_c0_g1_i1.p1	843	702.169	2224	435.381
TRINITY_DN90790_c0_g1_i1.p1	2073	1932.16	2225	158.294
TRINITY_DN1584_c0_g1_i1.p1	1191	1050.16	1072	140.319
TRINITY_DN80859_c2_g1_i1.p1	1737	1596.16	7488	644.861
TRINITY_DN22176_c0_g1_i1.p1	399	260.168	2076	1096.86
TRINITY_DN10305_c0_g1_i1.p1	2277	2136.16	4925	316.92
TRINITY_DN75066_c0_g2_i1.p1	1830	1689.16	2979	242.425
TRINITY_DN99981_c0_g1_i1.p2	864	723.169	13737	2611.13
TRINITY_DN75263_c0_g1_i1.p1	960	819.16	2140	359.105
TRINITY_DN80161_c1_g1_i1.p1	1863	1722.16	1602	127.869
TRINITY_DN94527_c0_g1_i1.p1	633	492.28	5598	1563.14
TRINITY_DN73992_c0_g1_i1.p1	579	438.377	703	220.437
TRINITY_DN78531_c0_g1_i2.p1	1413	1272.16	1555	168.022
TRINITY_DN13163_c0_g1_i1.p1	546	405.438	1053.91	357.317
TRINITY_DN13163_c0_g2_i1.p1	546	405.438	917.094	310.932
TRINITY_DN82315_c0_g1_i2.p1	864	723.169	657	124.883
TRINITY_DN50618_c0_g2_i1.p1	909	768.169	677	121.146
TRINITY_DN77241_c0_g1_i1.p1	1128	987.16	293	40.7997
TRINITY_DN43927_c0_g1_i1.p1	1902	1761.16	3005	234.543
TRINITY_DN87855_c0_g1_i1.p1	615	474.304	2486	720.479
TRINITY_DN73139_c0_g1_i1.p1	939	798.169	742	127.787
TRINITY_DN62843_c0_g1_i1.p1	822	681.178	2457	495.817
TRINITY_DN58096_c0_g2_i1.p1	618	477.298	328	94.4628
TRINITY_DN2911_c0_g1_i1.p1	828	687.178	1777	355.463
TRINITY_DN75169_c0_g1_i1.p1	2448	2307.16	2657	158.304
TRINITY_DN59215_c0_g1_i1.p1	573	432.387	94	29.8835
TRINITY_DN87812_c0_g1_i1.p1	3132	2991.16	5135	235.981
TRINITY_DN81552_c1_g1_i3.p1	1467	1326.16	603	62.5026
TRINITY_DN74257_c0_g1_i1.p1	1995	1854.16	19660	1457.52
TRINITY_DN82614_c0_g1_i1.p1	762	621.194	496	109.757
TRINITY_DN81152_c0_g2_i1.p1	375	236.864	225	130.575
TRINITY_DN71563_c0_g1_i1.p1	393	254.291	370	200.008
TRINITY_DN75844_c2_g1_i1.p1	687	546.222	418	105.192
TRINITY_DN68184_c0_g1_i2.p1	2694	2553.16	4214	226.878
TRINITY_DN74106_c0_g1_i1.p2	954	813.16	1783	301.406
TRINITY_DN70121_c0_g1_i1.p1	879	738.169	316	58.8448
TRINITY_DN90882_c0_g1_i1.p1	546	405.438	711	241.058
TRINITY_DN83765_c0_g1_i1.p1	1119	978.16	932	130.973
TRINITY_DN81412_c0_g2_i1.p1	2541	2400.16	2863	163.968
TRINITY_DN75854_c0_g1_i2.p1	720	579.208	684	162.33
TRINITY_DN80316_c0_g1_i1.p1	2235	2094.16	1155	75.8139
TRINITY_DN83362_c0_g1_i1.p1	2001	1860.16	1611	119.048
TRINITY_DN58221_c0_g1_i1.p1	654	513.262	418	111.947
TRINITY_DN79128_c0_g1_i2.p1	627	486.286	380	107.416
TRINITY_DN82785_c1_g1_i2.p2	438	298.242	408	188.048
TRINITY_DN76572_c0_g1_i1.p1	738	597.194	497	114.398
TRINITY_DN84796_c1_g3_i1.p1	1614	1473.16	1785	166.558
TRINITY_DN25575_c0_g2_i1.p1	1026	885.16	4188	650.372
TRINITY_DN81622_c0_g1_i1.p1	1290	1149.16	1673	200.121
TRINITY_DN69845_c0_g1_i1.p2	732	591.201	1419	329.932
TRINITY_DN84279_c3_g1_i1.p1	1245	1104.16	762	94.8637
TRINITY_DN77123_c0_g3_i1.p1	477	336.829	149	60.807
TRINITY_DN67270_c0_g1_i1.p1	1764	1623.16	14231	1205.18
TRINITY_DN99704_c0_g1_i1.p1	906	765.169	1817	326.418
TRINITY_DN59536_c0_g1_i1.p1	1374	1233.16	2307	257.161
TRINITY_DN71379_c0_g1_i1.p1	744	603.194	453	103.233
TRINITY_DN76562_c0_g1_i1.p1	1962	1821.16	3288	248.176
TRINITY_DN83860_c0_g2_i2.p2	1407	1266.16	688	74.6925
TRINITY_DN79166_c0_g2_i1.p1	1404	1263.16	2188	238.104
TRINITY_DN50366_c0_g1_i1.p1	849	708.169	1066	206.917
TRINITY_DN88138_c0_g1_i1.p1	735	594.194	3396	785.627
TRINITY_DN68152_c0_g1_i1.p1	1308	1167.16	2931	345.193
TRINITY_DN40927_c0_g1_i1.p1	1812	1671.16	2937	241.581
TRINITY_DN74166_c0_g1_i1.p1	831	690.169	1300	258.919
TRINITY_DN69727_c0_g1_i1.p1	711	570.215	9871	2379.57
TRINITY_DN63055_c0_g1_i2.p1	543	402.453	436	148.918
TRINITY_DN53321_c0_g1_i1.p1	606	465.321	1443	426.275
TRINITY_DN79410_c1_g1_i1.p1	1785	1644.16	719	60.1121
TRINITY_DN51393_c0_g1_i2.p1	1059	918.16	2216	331.763
TRINITY_DN82138_c0_g1_i1.p1	1506	1365.16	817	82.2651
TRINITY_DN84393_c0_g1_i1.p1	753	612.194	183	41.0903
TRINITY_DN83727_c0_g1_i1.p1	2319	2178.16	3570	225.297
TRINITY_DN67882_c1_g3_i1.p1	696	555.222	1352	334.724
TRINITY_DN10845_c0_g2_i1.p1	1056	915.16	4146	622.743
TRINITY_DN76078_c0_g1_i1.p1	315	179.974	108	82.488
TRINITY_DN69870_c0_g1_i1.p1	468	327.874	761	319.047
TRINITY_DN90828_c0_g1_i1.p1	798	657.178	2414	504.93
TRINITY_DN70296_c0_g1_i1.p1	732	591.201	375	87.1913
TRINITY_DN64675_c0_g1_i1.p1	648	507.28	267	72.3503
TRINITY_DN81039_c0_g1_i1.p1	558	417.418	840	276.621
TRINITY_DN67749_c1_g1_i1.p1	930	789.169	641	111.651
TRINITY_DN64845_c0_g1_i1.p1	1203	1062.16	273	35.3305
TRINITY_DN55101_c0_g1_i2.p1	504	363.609	548	207.168
TRINITY_DN52803_c0_g2_i1.p1	1026	885.16	760	118.024
TRINITY_DN80519_c0_g1_i1.p1	801	660.178	346	72.043
TRINITY_DN67789_c0_g1_i1.p2	939	798.169	257	44.2603
TRINITY_DN81726_c0_g1_i1.p1	1479	1338.16	2382	244.687
TRINITY_DN81918_c1_g1_i1.p1	1725	1584.16	1119	97.0975
TRINITY_DN82642_c0_g1_i1.p1	1653	1512.16	1079	98.0845
TRINITY_DN72833_c0_g1_i1.p1	360	222.405	1567	968.505
TRINITY_DN17953_c0_g1_i1.p1	942	801.16	281	48.213
TRINITY_DN78056_c0_g1_i1.p1	1365	1224.16	1232	138.341
TRINITY_DN75112_c0_g2_i1.p1	852	711.169	465	89.8787
TRINITY_DN59771_c0_g1_i1.p1	327	191.136	2487	1788.58
TRINITY_DN50564_c0_g1_i1.p1	336	199.59	2964	2041.34
TRINITY_DN49700_c0_g1_i1.p1	432	292.372	392	184.301
TRINITY_DN19686_c0_g1_i1.p1	1110	969.16	1603	227.36
TRINITY_DN72283_c0_g1_i1.p1	351	213.809	286	183.873
TRINITY_DN82249_c1_g1_i1.p1	1014	873.16	858	135.074
TRINITY_DN80813_c3_g1_i2.p1	1017	876.16	3659	574.058
TRINITY_DN70969_c0_g1_i1.p1	558	417.418	130	42.8103
TRINITY_DN83312_c0_g2_i1.p1	612	471.315	243	70.8715
TRINITY_DN71980_c0_g1_i1.p1	2442	2301.16	2672	159.612
TRINITY_DN78190_c1_g1_i1.p1	591	450.355	311	94.9254
TRINITY_DN77245_c0_g1_i1.p1	2394	2253.16	2961	180.644
TRINITY_DN82388_c0_g1_i2.p1	1926	1785.16	1306	100.564
TRINITY_DN73998_c0_g1_i3.p1	1317	1176.16	2532	295.92
TRINITY_DN83990_c0_g1_i1.p1	975	834.16	2664	438.997
TRINITY_DN91114_c0_g1_i1.p1	858	717.169	2993	573.669
TRINITY_DN1364_c0_g1_i1.p1	1017	876.16	1462	229.372
TRINITY_DN80587_c0_g1_i1.p1	3726	3585.16	4971	190.595
TRINITY_DN82023_c1_g1_i2.p1	1215	1074.16	886	113.381
TRINITY_DN75299_c0_g2_i2.p1	2166	2025.16	932	63.2606
TRINITY_DN74853_c0_g1_i1.p1	1443	1302.16	1193	125.937
TRINITY_DN61718_c0_g1_i1.p1	300	166.109	1049	868.078
TRINITY_DN76394_c0_g3_i1.p1	1077	936.16	1716	251.967
TRINITY_DN82979_c1_g1_i1.p1	1287	1146.16	587	70.3995
TRINITY_DN53639_c0_g1_i1.p1	1149	1008.16	1114	151.891
TRINITY_DN63972_c0_g2_i1.p1	903	762.169	134	24.1674
TRINITY_DN83796_c0_g1_i1.p1	1584	1443.16	660	62.8646
TRINITY_DN3312_c0_g2_i1.p1	1350	1209.16	2094	238.051
TRINITY_DN77418_c1_g1_i1.p1	1134	993.16	3493	483.455
TRINITY_DN77418_c0_g1_i1.p1	2202	2061.16	6149	410.081
TRINITY_DN87922_c0_g1_i1.p1	1317	1176.16	3815	445.867
TRINITY_DN65404_c0_g1_i1.p1	558	417.418	428	140.945
TRINITY_DN67311_c0_g1_i1.p1	624	483.286	608	172.932
TRINITY_DN39723_c0_g1_i1.p1	444	304.161	1156	522.434
TRINITY_DN78711_c0_g1_i4.p1	2079	1938.16	1849	131.137
TRINITY_DN72483_c0_g1_i1.p1	618	477.298	901	259.485
TRINITY_DN62009_c0_g1_i1.p1	459	319.012	85	36.6259
TRINITY_DN80258_c1_g1_i1.p2	360	222.405	787	486.416
TRINITY_DN54620_c0_g2_i1.p1	1305	1164.16	1314	155.153
TRINITY_DN69258_c0_g1_i1.p1	957	816.16	1398	235.455
TRINITY_DN69920_c0_g1_i1.p1	546	405.438	830	281.404
TRINITY_DN90983_c0_g1_i1.p2	378	239.729	523	299.888
TRINITY_DN72998_c0_g1_i1.p1	687	546.222	873	219.696
TRINITY_DN54902_c0_g1_i1.p1	1191	1050.16	5295	693.086
TRINITY_DN90856_c0_g1_i1.p1	480	339.812	2429	982.574
TRINITY_DN55050_c0_g1_i1.p1	1542	1401.16	2083	204.352
TRINITY_DN60556_c0_g1_i1.p1	621	480.292	2205	631.073
TRINITY_DN76542_c0_g2_i1.p1	324	188.332	486	354.722
TRINITY_DN73177_c0_g1_i1.p1	822	681.178	360	72.6472
TRINITY_DN82159_c0_g1_i1.p1	2979	2838.16	1665	80.6407
TRINITY_DN25912_c0_g1_i1.p1	861	720.169	10940	2088.14
TRINITY_DN76612_c0_g2_i1.p1	1068	927.16	465	68.9406
TRINITY_DN68973_c1_g1_i1.p1	882	741.169	268	49.7043
TRINITY_DN37353_c0_g1_i1.p1	717	576.215	322	76.8153
TRINITY_DN84561_c1_g1_i1.p1	378	239.729	596	341.746
TRINITY_DN76746_c1_g1_i1.p1	1179	1038.16	579	76.6639
TRINITY_DN56554_c0_g1_i1.p1	366	228.185	717	431.926
TRINITY_DN515_c0_g1_i1.p1	1581	1440.16	1308	124.846
TRINITY_DN75023_c0_g1_i1.p1	681	540.222	507	129.007
TRINITY_DN76658_c0_g2_i1.p1	1077	936.16	1116	163.867
TRINITY_DN68351_c0_g1_i1.p1	972	831.16	509	84.1802
TRINITY_DN67663_c0_g1_i1.p1	342	205.264	831	556.501
TRINITY_DN69107_c0_g1_i2.p1	672	531.262	5058	1308.72
TRINITY_DN82529_c1_g1_i1.p2	525	384.545	1407	502.948
TRINITY_DN53072_c0_g1_i1.p2	579	438.377	392	122.918
TRINITY_DN77178_c1_g1_i1.p1	405	266.016	213	110.065
TRINITY_DN83126_c1_g1_i1.p1	1482	1341.16	599	61.3936
TRINITY_DN74762_c0_g1_i1.p1	1269	1128.16	2664	324.594
TRINITY_DN77841_c0_g1_i2.p1	1263	1122.16	862	105.592
TRINITY_DN76330_c0_g1_i2.p1	630	489.28	220	61.8076
TRINITY_DN77019_c0_g1_i1.p1	726	585.208	398	93.4866
TRINITY_DN74710_c0_g1_i1.p2	1251	1110.16	4702	582.202
TRINITY_DN77852_c0_g1_i1.p1	2178	2037.16	2998	202.294
TRINITY_DN75422_c0_g1_i1.p1	621	480.292	484	138.521
TRINITY_DN62807_c0_g1_i1.p1	1338	1197.16	744	85.4275
TRINITY_DN79778_c0_g1_i1.p1	1566	1425.16	2566	247.497
TRINITY_DN85027_c0_g1_i1.p1	519	378.559	79	28.686
TRINITY_DN79417_c0_g1_i1.p1	501	360.618	234	89.196
TRINITY_DN79567_c0_g1_i1.p1	903	762.169	1797	324.096
TRINITY_DN79591_c0_g1_i1.p1	561	420.413	497	162.501
TRINITY_DN80252_c0_g1_i1.p1	558	417.418	312	102.745
TRINITY_DN50386_c0_g1_i1.p1	510	369.578	653	242.876
TRINITY_DN78872_c0_g1_i2.p2	504	363.609	218	82.4136
TRINITY_DN69788_c0_g1_i1.p1	1392	1251.16	949	104.263
TRINITY_DN56153_c0_g1_i1.p1	423	283.577	617	299.083
TRINITY_DN65972_c0_g1_i1.p2	897	756.169	242	43.9919
TRINITY_DN54531_c0_g1_i1.p1	468	327.874	1232	516.513
TRINITY_DN82064_c2_g2_i1.p1	1176	1035.16	644	85.5176
TRINITY_DN97310_c0_g1_i1.p1	432	292.372	638	299.959
TRINITY_DN53796_c0_g1_i1.p2	495	354.714	98	37.9773
TRINITY_DN73963_c0_g1_i1.p1	1113	972.16	948	134.044
TRINITY_DN74342_c2_g2_i1.p1	834	693.169	182	36.0918
TRINITY_DN77600_c0_g1_i1.p1	1008	867.16	324	51.3597
TRINITY_DN71084_c0_g1_i2.p1	1149	1008.16	1690	230.427
TRINITY_DN80063_c1_g1_i1.p1	2433	2292.16	1391	83.4179
TRINITY_DN40705_c0_g1_i1.p1	903	762.169	92	16.5925
TRINITY_DN13835_c0_g1_i1.p1	873	732.169	5558	1043.48
TRINITY_DN76899_c0_g3_i1.p2	363	225.314	1134	691.835
TRINITY_DN82677_c1_g1_i1.p1	699	558.222	385	94.8048
TRINITY_DN69610_c0_g1_i1.p1	903	762.169	372	67.0916
TRINITY_DN82983_c1_g1_i1.p2	498	357.688	1131	434.645
TRINITY_DN73618_c0_g1_i1.p1	654	513.262	1249	334.503
TRINITY_DN62727_c0_g1_i1.p1	432	292.372	85	39.9632
TRINITY_DN100553_c0_g1_i1.p1	660	519.262	325	86.0348
TRINITY_DN71504_c0_g1_i1.p1	603	462.332	934	277.696
TRINITY_DN70210_c0_g1_i1.p1	1068	927.16	1072	158.934
TRINITY_DN74182_c0_g1_i1.p1	1542	1401.16	867	85.0566
TRINITY_DN52533_c0_g2_i1.p1	642	501.28	703	192.775
TRINITY_DN55737_c0_g1_i1.p1	645	504.28	1011	275.585
TRINITY_DN25429_c0_g1_i1.p1	1146	1005.16	4231	578.608
TRINITY_DN77814_c0_g1_i2.p1	1824	1683.16	1069	87.303
TRINITY_DN78169_c0_g1_i1.p1	900	759.169	328	59.3898
TRINITY_DN80021_c0_g1_i1.p1	1599	1458.16	1314	123.87
TRINITY_DN80723_c1_g1_i4.p1	624	483.286	829	235.791
TRINITY_DN67537_c0_g1_i1.p1	912	771.169	3531	629.397
TRINITY_DN10854_c0_g1_i1.p1	807	666.178	2560	528.234
TRINITY_DN81744_c0_g3_i2.p1	870	729.169	1308	246.579
TRINITY_DN75177_c0_g1_i1.p1	411	271.801	145	73.3319
TRINITY_DN57577_c0_g1_i1.p1	1104	963.16	1146	163.555
TRINITY_DN85007_c0_g1_i1.p1	1212	1071.16	3608	463.009
TRINITY_DN78060_c0_g1_i1.p1	2895	2754.16	3945	196.895
TRINITY_DN83419_c0_g1_i1.p1	2544	2403.16	723	41.3554
TRINITY_DN58820_c0_g1_i1.p1	573	432.387	177	56.27
TRINITY_DN76982_c0_g1_i1.p2	933	792.169	345	59.8657
TRINITY_DN77533_c0_g1_i1.p1	2448	2307.16	3693	220.028
TRINITY_DN97097_c0_g1_i1.p1	723	582.208	3452	815.022
TRINITY_DN76669_c0_g1_i1.p1	591	450.355	3643	1111.94
TRINITY_DN83581_c0_g3_i2.p1	393	254.291	235	127.032
TRINITY_DN78956_c0_g2_i1.p1	1143	1002.16	371	50.8878
TRINITY_DN84815_c0_g1_i5.p2	471	330.866	82	34.0674
TRINITY_DN93894_c0_g1_i1.p1	618	477.298	2679	771.543
TRINITY_DN55146_c0_g1_i1.p2	519	378.559	950	344.958
TRINITY_DN3973_c0_g1_i1.p1	408	268.908	69	35.2714
TRINITY_DN50571_c0_g1_i1.p1	357	219.503	518	324.389
TRINITY_DN93826_c0_g1_i1.p1	714	573.215	737	176.737
TRINITY_DN82470_c3_g1_i2.p1	1071	930.16	1690	249.75
TRINITY_DN82385_c0_g1_i3.p1	1887	1746.16	878	69.1174
TRINITY_DN80388_c0_g1_i1.p1	3990	3849.16	4322	154.346
TRINITY_DN79834_c0_g1_i1.p2	435	295.293	329	153.151
TRINITY_DN69354_c0_g1_i1.p1	354	216.668	150	95.1643
TRINITY_DN71135_c0_g1_i1.p1	519	378.559	67	24.3286
TRINITY_DN82604_c1_g1_i1.p1	1395	1254.16	607	66.5292
TRINITY_DN68027_c0_g1_i1.p1	1794	1653.16	2918	242.632
TRINITY_DN96961_c0_g1_i1.p1	1416	1275.16	1635	176.25
TRINITY_DN70723_c0_g1_i1.p1	957	816.16	6302	1061.4
TRINITY_DN77664_c1_g1_i2.p1	666	525.262	1973	516.331
TRINITY_DN79111_c0_g2_i1.p1	1278	1137.16	1300	157.144
TRINITY_DN77545_c0_g2_i2.p1	588	447.36	180	55.3085
TRINITY_DN82738_c0_g1_i1.p1	2517	2376.16	1405	81.2788
TRINITY_DN83577_c5_g2_i3.p1	2742	2601.16	3612	190.879
TRINITY_DN82166_c0_g1_i1.p3	750	609.194	195	44.0003
TRINITY_DN56688_c0_g3_i1.p1	315	179.974	100	76.3778
TRINITY_DN82399_c0_g1_i1.p1	1755	1614.16	766	65.2318
TRINITY_DN79196_c0_g1_i1.p1	2190	2049.16	2908	195.072
TRINITY_DN73829_c0_g2_i4.p1	948	807.16	1686	287.128
TRINITY_DN88198_c0_g1_i1.p1	1542	1401.16	3897	382.313
TRINITY_DN67346_c0_g1_i1.p1	717	576.215	272	64.8875
TRINITY_DN19488_c0_g1_i1.p1	318	182.722	978	735.739
TRINITY_DN82490_c0_g1_i1.p1	996	855.16	488	78.4421
TRINITY_DN78339_c0_g1_i1.p1	849	708.169	143	27.7572
TRINITY_DN94220_c0_g1_i1.p1	951	810.16	1338	227.019
TRINITY_DN83420_c0_g1_i1.p1	3732	3591.16	7123	272.65
TRINITY_DN82212_c0_g1_i1.p1	822	681.178	518	104.531
TRINITY_DN63006_c0_g1_i1.p1	825	684.178	1720	345.57
TRINITY_DN78958_c1_g1_i1.p1	2190	2049.16	1829	122.692
TRINITY_DN91035_c0_g1_i1.p1	888	747.169	964	177.351
TRINITY_DN67177_c0_g1_i1.p1	495	354.714	386	149.584
TRINITY_DN99880_c0_g1_i1.p1	591	450.355	4027	1229.15
TRINITY_DN84670_c1_g1_i1.p2	720	579.208	705	167.314
TRINITY_DN25276_c0_g1_i1.p1	462	321.973	1047	446.997
TRINITY_DN78135_c0_g3_i2.p1	1332	1191.16	850	98.0902
TRINITY_DN79124_c0_g1_i1.p1	1248	1107.16	684	84.9225
TRINITY_DN67400_c0_g1_i1.p1	1956	1815.16	9428	713.973
TRINITY_DN100641_c0_g1_i1.p1	597	456.349	2369	713.583
TRINITY_DN74095_c0_g1_i2.p1	513	372.573	231	85.227
TRINITY_DN80430_c0_g1_i1.p1	1290	1149.16	538	64.3545
TRINITY_DN67487_c0_g1_i1.p1	2349	2208.16	1464	91.1355
TRINITY_DN67546_c1_g1_i1.p1	399	260.168	510	269.459
TRINITY_DN78513_c0_g1_i1.p1	783	642.186	1135	242.947
TRINITY_DN456_c0_g1_i1.p1	1737	1596.16	4231	364.371
TRINITY_DN7517_c0_g1_i1.p2	648	507.28	3256	882.294
TRINITY_DN70364_c0_g1_i1.p1	1314	1173.16	2160	253.089
TRINITY_DN80470_c0_g1_i1.p1	747	606.194	444	100.681
TRINITY_DN34849_c0_g1_i1.p1	1416	1275.16	2570	277.042
TRINITY_DN81444_c0_g1_i1.p1	477	336.829	280	114.268
TRINITY_DN54980_c0_g1_i1.p1	600	459.344	1098	328.58
TRINITY_DN11060_c0_g2_i1.p1	2535	2394.16	45637	2620.24
TRINITY_DN78193_c0_g1_i1.p1	1245	1104.16	885	110.176
TRINITY_DN83397_c1_g3_i1.p1	1599	1458.16	1250	117.837
TRINITY_DN74768_c0_g1_i1.p1	2127	1986.16	5013	346.945
TRINITY_DN55491_c0_g1_i1.p1	849	708.169	1318	255.832
TRINITY_DN76999_c1_g1_i1.p1	1581	1440.16	559	53.3553
TRINITY_DN75937_c1_g1_i1.p1	699	558.222	305	75.1051
TRINITY_DN70729_c0_g1_i1.p1	1200	1059.16	1261	163.655
TRINITY_DN81116_c0_g1_i2.p1	1965	1824.16	424	31.9507
TRINITY_DN81348_c1_g1_i1.p1	1005	864.16	453	72.0578
TRINITY_DN82514_c0_g1_i2.p2	1392	1251.16	503	55.2627
TRINITY_DN80344_c0_g1_i1.p2	1125	984.16	725	101.263
TRINITY_DN82100_c1_g1_i4.p1	1641	1500.16	897	82.1924
TRINITY_DN100089_c0_g1_i1.p1	990	849.16	1079	174.666
TRINITY_DN54097_c0_g1_i3.p1	702	561.222	392	96.0126
TRINITY_DN76151_c0_g1_i1.p1	546	405.438	476	161.383
TRINITY_DN83977_c0_g1_i2.p1	2217	2076.16	1050	69.5193
TRINITY_DN65945_c0_g1_i1.p1	462	321.973	551	235.239
TRINITY_DN67043_c0_g1_i1.p1	393	254.291	118	63.7863
TRINITY_DN10273_c0_g1_i1.p1	2619	2478.16	4907	272.185
TRINITY_DN93825_c0_g1_i1.p1	1989	1848.16	6405	476.383
TRINITY_DN784_c0_g1_i1.p1	999	858.16	2026	324.525
TRINITY_DN83500_c1_g1_i1.p1	477	336.829	570	232.618
TRINITY_DN73875_c0_g1_i2.p1	1491	1350.16	681	69.3328
TRINITY_DN74399_c0_g1_i1.p1	510	369.578	409	152.123
TRINITY_DN68444_c0_g1_i1.p1	1071	930.16	1921	283.888
TRINITY_DN83446_c0_g1_i1.p1	963	822.16	780	130.411
TRINITY_DN83868_c0_g2_i1.p1	1851	1710.16	1502	120.729
TRINITY_DN87932_c0_g1_i1.p1	1359	1218.16	3718	419.548
TRINITY_DN59430_c0_g1_i1.p1	1734	1593.16	2405	207.507
TRINITY_DN79993_c0_g1_i1.p1	846	705.169	714	139.181
TRINITY_DN80193_c0_g1_i1.p1	936	795.169	235	40.6242
TRINITY_DN10823_c0_g2_i1.p1	1257	1116.16	1698	209.116
TRINITY_DN76437_c0_g1_i1.p1	1164	1023.16	393	52.799
TRINITY_DN75704_c0_g1_i2.p1	2127	1986.16	1800	124.576
TRINITY_DN36399_c0_g2_i1.p1	912	771.169	817	145.629
TRINITY_DN66584_c0_g2_i1.p1	420	280.622	287	140.584
TRINITY_DN78273_c0_g1_i2.p1	1245	1104.16	1153	143.54
TRINITY_DN79700_c0_g1_i1.p1	645	504.28	330	89.9536
TRINITY_DN25304_c0_g1_i1.p1	1692	1551.16	3486	308.921
TRINITY_DN81329_c2_g1_i2.p1	1437	1296.16	568	60.2375
TRINITY_DN76513_c1_g1_i1.p1	366	228.185	353	212.65
TRINITY_DN49784_c0_g1_i1.p1	567	426.392	1837	592.211
TRINITY_DN79737_c0_g2_i1.p1	1308	1167.16	445	52.4091
TRINITY_DN81421_c0_g1_i2.p1	1482	1341.16	670	68.6706
TRINITY_DN99804_c0_g1_i1.p1	969	828.16	1483	246.152
TRINITY_DN79360_c0_g1_i1.p1	972	831.16	1475	243.941
TRINITY_DN78460_c1_g1_i1.p1	639	498.28	315	86.8988
TRINITY_DN81294_c0_g1_i1.p1	1494	1353.16	647	65.7252
TRINITY_DN84537_c0_g2_i1.p1	1419	1278.16	2601	279.725
TRINITY_DN84371_c3_g1_i6.p1	1659	1518.16	655	59.3063
TRINITY_DN79252_c0_g1_i2.p1	855	714.169	432	83.1494
TRINITY_DN67341_c0_g1_i1.p1	1017	876.16	1068	167.558
TRINITY_DN80783_c1_g1_i1.p1	1452	1311.16	583	61.1209
TRINITY_DN100698_c0_g1_i1.p1	837	696.169	2027	400.235
TRINITY_DN66746_c0_g1_i3.p1	435	295.293	554	257.89
TRINITY_DN96913_c0_g1_i1.p1	1047	906.16	2216	336.157
TRINITY_DN82015_c1_g2_i1.p1	552	411.433	470	157.027
TRINITY_DN94396_c0_g1_i1.p1	1236	1095.16	2440	306.259
TRINITY_DN76591_c0_g1_i1.p1	729	588.208	625	146.058
TRINITY_DN77477_c0_g1_i1.p1	864	723.169	576	109.486
TRINITY_DN91180_c1_g1_i1.p1	843	702.169	2460	481.582
TRINITY_DN13894_c0_g1_i1.p1	975	834.16	1501	247.348
TRINITY_DN48551_c0_g1_i1.p1	453	313.062	1178	517.239
TRINITY_DN63034_c0_g2_i1.p1	381	242.634	158	89.5123
TRINITY_DN70748_c0_g1_i1.p1	807	666.178	213	43.9507
TRINITY_DN73624_c0_g1_i1.p1	429	289.426	1580	750.407
TRINITY_DN83622_c0_g1_i1.p1	765	624.194	152	33.4735
TRINITY_DN66388_c0_g1_i1.p1	1026	885.16	243	37.7365
TRINITY_DN79997_c0_g1_i1.p1	459	319.012	662	285.251
TRINITY_DN74612_c0_g1_i1.p3	345	208.112	92	60.7669
TRINITY_DN1668_c0_g1_i1.p1	444	304.161	183	82.7037
TRINITY_DN66525_c0_g1_i1.p1	699	558.222	332	81.7538
TRINITY_DN74477_c0_g1_i1.p1	813	672.178	640	130.88
TRINITY_DN79593_c0_g1_i1.p1	975	834.16	264	43.5042
TRINITY_DN83338_c0_g2_i1.p1	1737	1596.16	785	67.6036
TRINITY_DN85215_c0_g1_i1.p1	366	228.185	2917	1757.22
TRINITY_DN79436_c0_g2_i1.p2	552	411.433	135	45.1036
TRINITY_DN81801_c0_g2_i1.p1	963	822.16	1337	223.538
TRINITY_DN54969_c0_g1_i1.p1	849	708.169	716	138.98
TRINITY_DN82816_c0_g1_i1.p1	1761	1620.16	1151	97.655
TRINITY_DN74593_c0_g1_i1.p1	813	672.178	898	183.641
TRINITY_DN82142_c0_g2_i1.p1	1287	1146.16	1211	145.237
TRINITY_DN67929_c0_g1_i1.p1	615	474.304	602	174.468
TRINITY_DN79047_c1_g2_i1.p1	1161	1020.16	464	62.5211
TRINITY_DN75386_c0_g1_i1.p1	753	612.194	225	50.5208
TRINITY_DN81267_c1_g1_i7.p1	2448	2307.16	1523	90.7401
TRINITY_DN78790_c0_g1_i2.p1	1977	1836.16	1287	96.3485
TRINITY_DN76039_c0_g1_i1.p1	3156	3015.16	4924	224.484
TRINITY_DN55631_c0_g1_i1.p1	429	289.426	547	259.793
TRINITY_DN68901_c0_g1_i1.p1	2490	2349.16	4014	234.878
TRINITY_DN74833_c0_g1_i1.p1	768	627.194	420	92.0501
TRINITY_DN82925_c1_g3_i1.p1	1311	1170.16	1689	198.409
TRINITY_DN76812_c1_g4_i1.p1	351	213.809	84	54.0046
TRINITY_DN80146_c0_g2_i1.p1	1587	1446.16	607	57.6965
TRINITY_DN70167_c0_g1_i1.p1	1086	945.16	399	58.0289
TRINITY_DN79392_c0_g1_i2.p1	342	205.264	160	107.148
TRINITY_DN54064_c0_g1_i1.p1	507	366.587	109	40.8721
TRINITY_DN78934_c0_g2_i1.p2	810	669.178	204	41.905
TRINITY_DN55083_c0_g1_i1.p2	1014	873.16	710	111.774
TRINITY_DN25240_c0_g2_i1.p2	1224	1083.16	1052	133.506
TRINITY_DN79211_c0_g3_i1.p1	636	495.28	340	94.3636
TRINITY_DN74753_c0_g1_i1.p1	483	342.808	1272	510.05
TRINITY_DN80173_c0_g1_i1.p1	915	774.169	2452	435.373
TRINITY_DN83686_c0_g1_i3.p1	2544	2403.16	1049	60.0025
TRINITY_DN90896_c0_g1_i1.p1	972	831.16	1931	319.356
TRINITY_DN44102_c0_g1_i1.p1	513	372.573	722	266.381
TRINITY_DN1462_c0_g1_i1.p1	708	567.215	67	16.2369
TRINITY_DN75589_c1_g1_i1.p1	762	621.194	571	126.353
TRINITY_DN74516_c0_g1_i1.p1	1377	1236.16	1330	147.895
TRINITY_DN84095_c0_g3_i1.p1	1185	1044.16	382	50.289
TRINITY_DN82581_c0_g2_i2.p1	2175	2034.16	986	66.6298
TRINITY_DN79633_c0_g2_i2.p1	2085	1944.16	702	49.6343
TRINITY_DN54536_c0_g6_i1.p1	870	729.169	3183	600.047
TRINITY_DN68806_c0_g1_i1.p1	996	855.16	953	153.187
TRINITY_DN67443_c0_g1_i1.p1	1386	1245.16	4110	453.726
TRINITY_DN6489_c0_g3_i1.p1	774	633.194	2122	460.665
TRINITY_DN78957_c0_g1_i1.p1	1890	1749.16	4227	332.185
TRINITY_DN79001_c0_g1_i1.p1	1779	1638.16	3126	262.307
TRINITY_DN16280_c0_g1_i1.p2	345	208.112	540	356.675
TRINITY_DN72256_c0_g1_i1.p1	900	759.169	182	32.9541
TRINITY_DN16202_c0_g1_i1.p1	453	313.062	340	149.288
TRINITY_DN67298_c0_g1_i1.p1	639	498.28	164	45.2425
TRINITY_DN50259_c0_g1_i2.p1	1005	864.16	1946	309.546
TRINITY_DN70567_c0_g1_i1.p2	402	263.075	703	367.327
TRINITY_DN76709_c0_g2_i1.p1	1464	1323.16	893	92.7718
TRINITY_DN79349_c0_g2_i1.p1	492	351.736	713	278.644
TRINITY_DN81918_c4_g1_i1.p1	540	399.458	1117	384.378
TRINITY_DN73850_c0_g1_i1.p1	1908	1767.16	1351	105.089
TRINITY_DN69584_c0_g1_i1.p1	2394	2253.16	1972	120.307
TRINITY_DN68246_c0_g1_i1.p1	1701	1560.16	3283	289.253
TRINITY_DN74770_c0_g1_i1.p1	474	333.845	399	164.287
TRINITY_DN84641_c0_g1_i1.p1	633	492.28	1271	354.903
TRINITY_DN82463_c0_g1_i1.p1	1842	1701.16	796	64.3198
TRINITY_DN83139_c0_g1_i1.p1	2097	1956.16	1732	121.708
TRINITY_DN69860_c0_g1_i1.p1	1503	1362.16	1492	150.563
TRINITY_DN80766_c0_g2_i1.p1	1002	861.16	268	42.7787
TRINITY_DN71614_c0_g2_i1.p1	1122	981.16	2726	381.912
TRINITY_DN80137_c0_g1_i1.p1	588	447.36	150	46.0904
TRINITY_DN70196_c0_g1_i1.p1	1107	966.16	668	95.0395
TRINITY_DN67137_c0_g1_i1.p1	624	483.286	585	166.39
TRINITY_DN67336_c1_g3_i3.p1	612	471.315	1844	537.807
TRINITY_DN81426_c1_g1_i1.p2	786	645.186	645	137.421
TRINITY_DN76618_c0_g1_i1.p1	1182	1041.16	166	21.9163
TRINITY_DN77874_c0_g1_i1.p1	321	185.57	867	642.225
TRINITY_DN78283_c0_g1_i1.p1	534	393.526	738	257.786
TRINITY_DN75053_c1_g1_i1.p1	729	588.208	409	95.5804
TRINITY_DN54990_c0_g1_i1.p2	345	208.112	418	276.093
TRINITY_DN79855_c0_g1_i1.p1	1767	1626.16	737	62.299
TRINITY_DN59009_c0_g2_i1.p1	1620	1479.16	1270	118.023
TRINITY_DN80154_c0_g2_i1.p1	813	672.178	290	59.3049
TRINITY_DN37334_c0_g1_i1.p1	1308	1167.16	2318	272.998
TRINITY_DN68044_c0_g1_i1.p1	582	441.377	110	34.2579
TRINITY_DN36079_c0_g1_i1.p1	1209	1068.16	3311	426.088
TRINITY_DN59203_c0_g1_i1.p1	1200	1059.16	2524	327.57
TRINITY_DN10150_c0_g2_i1.p1	540	399.458	1169	402.272
TRINITY_DN80769_c0_g1_i1.p1	2301	2160.16	1526	97.1059
TRINITY_DN56885_c0_g1_i1.p1	498	357.688	314	120.671
TRINITY_DN84545_c1_g2_i1.p2	1233	1092.16	678	85.3336
TRINITY_DN55539_c0_g1_i1.p1	393	254.291	134	72.4353
TRINITY_DN90977_c0_g1_i1.p1	1146	1005.16	1653	226.055
TRINITY_DN19162_c0_g2_i1.p1	732	591.201	168	39.0617
TRINITY_DN81509_c0_g1_i2.p1	462	321.973	187	79.8361
TRINITY_DN58438_c0_g1_i1.p1	1065	924.16	1259	187.265
TRINITY_DN69735_c1_g2_i1.p1	909	768.169	756	135.282
TRINITY_DN79043_c0_g1_i1.p1	639	498.28	709	195.591
TRINITY_DN63025_c0_g1_i1.p1	3201	3060.16	7953	357.243
TRINITY_DN75161_c0_g1_i1.p1	735	594.194	285	65.9316
TRINITY_DN80685_c0_g1_i2.p1	1680	1539.16	1187	106.009
TRINITY_DN80059_c0_g1_i3.p1	1377	1236.16	7443	827.657
TRINITY_DN79051_c0_g2_i1.p1	1173	1032.16	1871	249.175
TRINITY_DN75481_c0_g2_i1.p1	903	762.169	618	111.459
TRINITY_DN58065_c0_g1_i1.p1	1038	897.16	1692	259.243
TRINITY_DN1621_c0_g1_i1.p1	597	456.349	435	131.029
TRINITY_DN44863_c0_g1_i1.p1	801	660.178	622	129.511
TRINITY_DN76675_c0_g1_i1.p1	1305	1164.16	350	41.3268
TRINITY_DN78980_c1_g1_i1.p1	687	546.222	254	63.9206
TRINITY_DN73744_c0_g1_i1.p1	633	492.28	433	120.907
TRINITY_DN82416_c0_g1_i1.p1	1941	1800.16	1524	116.373
TRINITY_DN79876_c1_g1_i1.p1	867	726.169	295	55.842
TRINITY_DN71997_c0_g1_i1.p1	756	615.194	333	74.4062
TRINITY_DN74118_c0_g2_i1.p2	411	271.801	89	45.0106
TRINITY_DN82945_c0_g1_i2.p1	366	228.185	127	76.5057
TRINITY_DN25299_c0_g3_i1.p1	654	513.262	915	245.053
TRINITY_DN76934_c0_g1_i1.p1	1347	1206.16	2001	228.044
TRINITY_DN81916_c0_g1_i2.p1	2358	2217.16	1190	73.778
TRINITY_DN76192_c0_g1_i1.p1	777	636.194	266	57.4737
TRINITY_DN71088_c2_g1_i1.p1	495	354.714	486	188.336
TRINITY_DN71088_c1_g3_i1.p1	441	301.19	552	251.927
TRINITY_DN81686_c0_g1_i1.p1	462	321.973	418	178.457
TRINITY_DN54731_c0_g1_i2.p1	1080	939.16	784	114.75
TRINITY_DN54687_c0_g1_i1.p2	450	310.097	126	55.8534
TRINITY_DN79625_c0_g1_i1.p1	2211	2070.16	1673	111.088
TRINITY_DN80823_c0_g1_i1.p1	846	705.169	592	115.4
TRINITY_DN99874_c0_g1_i1.p1	315	179.974	219	167.267
TRINITY_DN97348_c0_g1_i1.p1	690	549.222	1228	307.346
TRINITY_DN82009_c1_g1_i2.p1	828	687.178	373	74.6133
TRINITY_DN80391_c1_g1_i3.p1	1002	861.16	157	25.0607
TRINITY_DN76500_c1_g2_i1.p1	897	756.169	318	57.8076
TRINITY_DN73421_c0_g1_i1.p1	1512	1371.16	398	39.8999
TRINITY_DN93866_c0_g1_i1.p1	1311	1170.16	2603	305.778
TRINITY_DN80506_c0_g1_i1.p1	486	345.778	418	166.171
TRINITY_DN71954_c1_g2_i1.p1	747	606.194	187	42.404
TRINITY_DN1229_c0_g1_i1.p1	618	477.298	2015	580.313
TRINITY_DN73906_c0_g2_i1.p1	669	528.262	1116	290.397
TRINITY_DN73580_c0_g1_i1.p1	360	222.405	2850	1761.48
TRINITY_DN26260_c0_g1_i1.p1	618	477.298	2342	674.488
TRINITY_DN82405_c1_g1_i2.p1	492	351.736	694	271.219
TRINITY_DN82446_c2_g1_i2.p1	570	429.387	286	91.5574
TRINITY_DN82983_c1_g1_i1.p1	1389	1248.16	341	37.5544
TRINITY_DN74507_c0_g1_i1.p1	444	304.161	729	329.459
TRINITY_DN75271_c0_g1_i2.p1	483	342.808	717	287.505
TRINITY_DN51995_c0_g1_i1.p1	774	633.194	1964	426.365
TRINITY_DN80600_c1_g1_i1.p1	1056	915.16	2187	328.495
TRINITY_DN58108_c0_g2_i1.p1	1536	1395.16	4342	427.802
TRINITY_DN99722_c0_g1_i1.p1	456	316.035	3007	1307.9
TRINITY_DN80256_c0_g1_i2.p1	1098	957.16	191	27.43
TRINITY_DN82362_c0_g3_i1.p1	1491	1350.16	1111	113.111
TRINITY_DN83878_c0_g1_i1.p1	987	846.16	2100	341.149
TRINITY_DN75956_c0_g2_i2.p1	621	480.292	381	109.043
TRINITY_DN66104_c0_g1_i1.p1	1197	1056.16	1158	150.715
TRINITY_DN80463_c0_g2_i2.p1	726	585.208	1914	449.581
TRINITY_DN72300_c0_g1_i1.p1	432	292.372	1013	476.267
TRINITY_DN75605_c0_g1_i1.p1	960	819.16	282	47.3214
TRINITY_DN80457_c0_g1_i3.p1	1128	987.16	756	105.272
TRINITY_DN77635_c0_g1_i1.p1	543	402.453	345	117.837
TRINITY_DN78136_c0_g2_i1.p1	981	840.16	785	128.435
TRINITY_DN76765_c0_g2_i2.p1	843	702.169	235	46.0048
TRINITY_DN72190_c0_g1_i1.p1	1152	1011.16	1235	167.89
TRINITY_DN15944_c0_g1_i1.p1	351	213.809	555	356.816
TRINITY_DN81739_c1_g1_i1.p2	663	522.262	435	114.493
TRINITY_DN70760_c0_g1_i1.p1	1827	1686.16	692	56.4136
TRINITY_DN83607_c0_g1_i1.p1	2799	2658.16	2116	109.424
TRINITY_DN81157_c1_g1_i1.p1	375	236.864	536	311.059
TRINITY_DN77682_c0_g1_i1.p1	945	804.16	336	57.4346
TRINITY_DN52219_c0_g1_i1.p1	1584	1443.16	5179	493.297
TRINITY_DN53883_c1_g1_i1.p1	885	744.169	3629	670.335
TRINITY_DN59394_c0_g1_i1.p1	1479	1338.16	468	48.0745
TRINITY_DN81240_c0_g1_i2.p1	1383	1242.16	706	78.1275
TRINITY_DN76517_c0_g1_i1.p1	2565	2424.16	3960	224.549
TRINITY_DN69836_c0_g1_i1.p1	1389	1248.16	49345	5434.38
TRINITY_DN82296_c1_g1_i2.p1	660	519.262	618	163.598
TRINITY_DN67577_c0_g1_i1.p1	642	501.28	172	47.1655
TRINITY_DN80855_c0_g1_i1.p1	1089	948.16	447	64.8041
TRINITY_DN78439_c1_g1_i1.p1	1821	1680.16	3111	254.523
TRINITY_DN69185_c0_g1_i1.p1	756	615.194	283	63.2341
TRINITY_DN70957_c0_g1_i1.p1	642	501.28	209	57.3116
TRINITY_DN62798_c0_g1_i4.p1	3288	3147.16	5172	225.9
TRINITY_DN82818_c1_g1_i1.p1	876	735.169	480	89.7492
TRINITY_DN73243_c0_g1_i1.p1	303	168.863	169	137.572
TRINITY_DN70444_c0_g1_i1.p1	1431	1290.16	3608	384.415
TRINITY_DN76611_c0_g1_i1.p1	1020	879.16	339	53.004
TRINITY_DN82035_c0_g1_i1.p1	795	654.178	466	97.919
TRINITY_DN59403_c0_g1_i1.p1	2019	1878.16	2130	155.892
TRINITY_DN76390_c0_g1_i1.p1	2199	2058.16	809	54.0314
TRINITY_DN80381_c1_g1_i3.p1	780	639.194	179	38.4944
TRINITY_DN80906_c0_g1_i2.p1	2148	2007.16	2031	139.093
TRINITY_DN64615_c1_g1_i1.p1	825	684.178	887	178.21
TRINITY_DN73000_c0_g1_i1.p1	2736	2595.16	2715	143.808
TRINITY_DN97046_c0_g1_i1.p1	1143	1002.16	1052	144.296
TRINITY_DN77634_c0_g1_i2.p1	597	456.349	396	119.282
TRINITY_DN68391_c0_g1_i1.p1	447	307.116	299	133.828
TRINITY_DN75417_c0_g2_i1.p1	1818	1677.16	1142	93.5984
TRINITY_DN43641_c0_g1_i1.p1	1536	1395.16	1692	166.707
TRINITY_DN37420_c0_g2_i1.p1	1368	1227.16	2446	273.988
TRINITY_DN69743_c0_g1_i1.p1	1167	1026.16	725	97.118
TRINITY_DN49940_c0_g1_i1.p1	1131	990.16	989	137.299
TRINITY_DN48344_c0_g1_i1.p1	951	810.16	1292	219.214
TRINITY_DN80389_c2_g1_i1.p1	1056	915.16	1103	165.674
TRINITY_DN83410_c0_g2_i3.p1	645	504.28	397	108.217
TRINITY_DN96849_c0_g1_i1.p1	351	213.809	5573	3582.95
TRINITY_DN79976_c0_g1_i1.p1	507	366.587	519	194.611
TRINITY_DN71983_c0_g1_i1.p1	1536	1395.16	1127	111.039
TRINITY_DN80905_c0_g1_i4.p1	480	339.812	790	319.569
TRINITY_DN81388_c0_g1_i2.p1	2721	2580.16	1671	89.0239
TRINITY_DN56762_c0_g1_i1.p1	696	555.222	1067	264.164
TRINITY_DN74784_c0_g2_i1.p1	1815	1674.16	1250	102.634
TRINITY_DN82694_c0_g2_i4.p1	927	786.169	495	86.5497
TRINITY_DN77160_c0_g1_i2.p1	990	849.16	394	63.7799
TRINITY_DN74078_c0_g1_i1.p1	2991	2850.16	1801	86.8603
TRINITY_DN50460_c0_g1_i1.p1	414	274.744	343	171.61
TRINITY_DN78880_c0_g1_i1.p1	855	714.169	408	78.53
TRINITY_DN82787_c0_g1_i1.p1	1512	1371.16	1015	101.755
TRINITY_DN83006_c1_g1_i1.p1	3183	3042.16	3064	138.447
TRINITY_DN67441_c0_g1_i1.p1	1137	996.16	796	109.84
TRINITY_DN73448_c0_g2_i1.p1	552	411.433	277	92.5458
TRINITY_DN83214_c0_g1_i1.p1	1047	906.16	1068	162.011
TRINITY_DN58760_c0_g2_i1.p1	1143	1002.16	1599	219.325
TRINITY_DN99855_c0_g1_i1.p1	2190	2049.16	4154	278.655
TRINITY_DN80833_c0_g1_i1.p2	1026	885.16	614	95.3506
TRINITY_DN78953_c0_g1_i1.p1	552	411.433	205	68.4906
TRINITY_DN64697_c0_g2_i1.p1	2190	2049.16	2162	145.03
TRINITY_DN64697_c0_g1_i1.p1	2088	1947.16	673.996	47.5809
TRINITY_DN73096_c0_g2_i1.p1	1140	999.16	1423	195.77
TRINITY_DN55000_c0_g1_i1.p1	543	402.453	348	118.861
TRINITY_DN25544_c0_g1_i1.p1	609	468.321	2249	660.119
TRINITY_DN77494_c0_g1_i1.p1	1452	1311.16	810	84.9193
TRINITY_DN79166_c0_g3_i1.p1	1131	990.16	42128	5848.47
TRINITY_DN93794_c0_g1_i1.p1	1620	1479.16	4493	417.54
TRINITY_DN52408_c0_g1_i1.p1	540	399.458	79	27.1852
TRINITY_DN91337_c0_g1_i1.p1	1026	885.16	284	44.1035
TRINITY_DN82049_c0_g2_i2.p1	2271	2130.16	2122	136.934
TRINITY_DN78672_c0_g1_i1.p1	708	567.215	423	102.511
TRINITY_DN80111_c0_g1_i1.p1	1425	1284.16	1476	157.995
TRINITY_DN66718_c0_g1_i2.p2	432	292.372	406	190.883
TRINITY_DN82653_c0_g1_i1.p1	912	771.169	337	60.0699
TRINITY_DN72836_c1_g2_i1.p1	1620	1479.16	1593	148.039
TRINITY_DN84956_c0_g1_i1.p1	1164	1023.16	1728	232.154
TRINITY_DN54926_c0_g3_i1.p1	912	771.169	1377	245.449
TRINITY_DN74546_c0_g1_i1.p1	831	690.169	1456	289.99
TRINITY_DN83156_c0_g1_i1.p1	2037	1896.16	838	60.7499
TRINITY_DN80981_c0_g1_i1.p1	2682	2541.16	2068	111.865
TRINITY_DN83218_c0_g1_i1.p3	1119	978.16	629	88.393
TRINITY_DN76198_c0_g1_i2.p1	570	429.387	511	163.587
TRINITY_DN10380_c0_g1_i1.p1	426	286.503	902	432.766
TRINITY_DN79332_c0_g1_i1.p1	447	307.116	464	207.679
TRINITY_DN80312_c0_g1_i1.p1	1560	1419.16	600	58.1161
TRINITY_DN84892_c0_g1_i1.p1	927	786.169	1735	303.361
TRINITY_DN82348_c0_g1_i1.p1	621	480.292	312	89.2947
TRINITY_DN82074_c0_g1_i1.p1	1122	981.16	371	51.977
TRINITY_DN77790_c0_g1_i1.p2	378	239.729	124	71.1014
TRINITY_DN80468_c2_g7_i1.p1	1074	933.16	590	86.9106
TRINITY_DN81171_c0_g1_i2.p1	1518	1377.16	555	55.3969
TRINITY_DN81398_c1_g2_i1.p1	555	414.423	335	111.116
TRINITY_DN25384_c0_g1_i1.p1	516	375.568	6312	2310.23
TRINITY_DN77179_c0_g1_i1.p1	1179	1038.16	1445	191.329
TRINITY_DN82298_c2_g1_i1.p1	810	669.178	277	56.9004
TRINITY_DN78839_c0_g1_i1.p1	870	729.169	329	62.0218
TRINITY_DN74040_c0_g1_i2.p1	564	423.403	236	76.6187
TRINITY_DN68812_c0_g1_i1.p1	681	540.222	254	64.6306
TRINITY_DN75071_c0_g1_i2.p1	1359	1218.16	630	71.0908
TRINITY_DN77994_c0_g1_i1.p1	1746	1605.16	2405	205.956
TRINITY_DN77658_c0_g1_i2.p1	1506	1365.16	1714	172.585
TRINITY_DN67717_c0_g2_i1.p1	1482	1341.16	921	94.3965
TRINITY_DN80353_c0_g1_i1.p2	492	351.736	263	102.782
TRINITY_DN91046_c0_g1_i1.p1	1821	1680.16	2432	198.971
TRINITY_DN83222_c0_g1_i3.p1	1299	1158.16	719	85.337
TRINITY_DN60853_c0_g1_i1.p1	876	735.169	924	172.767
TRINITY_DN53281_c0_g1_i1.p1	492	351.736	177	69.1725
TRINITY_DN79073_c0_g1_i1.p1	7245	7104.16	11760	227.547
TRINITY_DN75927_c0_g1_i1.p1	2133	1992.16	1493	103.018
TRINITY_DN62981_c0_g1_i1.p2	1485	1344.16	1754	179.372
TRINITY_DN74515_c0_g2_i1.p1	1683	1542.16	1252	111.597
TRINITY_DN75119_c0_g1_i1.p1	1083	942.16	318	46.3959
TRINITY_DN76173_c0_g1_i1.p1	738	597.194	544	125.216
TRINITY_DN78771_c0_g1_i1.p1	1518	1377.16	688	68.6722
TRINITY_DN54932_c0_g3_i1.p1	330	193.937	1471	1042.62
TRINITY_DN37239_c0_g1_i1.p1	1263	1122.16	2182	267.286
TRINITY_DN81271_c0_g1_i1.p1	819	678.178	347	70.3336
TRINITY_DN76855_c0_g1_i1.p1	633	492.28	581	162.233
TRINITY_DN60718_c0_g1_i1.p1	657	516.262	3978	1059.18
TRINITY_DN79669_c0_g1_i1.p1	1089	948.16	455	65.964
TRINITY_DN77004_c0_g1_i1.p2	555	414.423	956	317.096
TRINITY_DN80318_c0_g1_i2.p1	2202	2061.16	1921	128.113
TRINITY_DN82605_c0_g3_i1.p1	2793	2652.16	1640	85.0004
TRINITY_DN54279_c0_g1_i1.p1	486	345.778	306	121.647
TRINITY_DN79215_c0_g1_i1.p1	957	816.16	334	56.2533
TRINITY_DN81877_c0_g1_i1.p1	1338	1197.16	1754	201.398
TRINITY_DN68894_c0_g1_i1.p1	666	525.262	231	60.4523
TRINITY_DN76598_c0_g1_i1.p1	495	354.714	1441	558.422
TRINITY_DN67844_c0_g1_i2.p1	465	324.902	1435	607.123
TRINITY_DN81088_c0_g1_i2.p1	1917	1776.16	787	60.9073
TRINITY_DN59294_c0_g1_i1.p1	1419	1278.16	6001	645.38
TRINITY_DN3321_c0_g1_i1.p1	762	621.194	1943	429.955
TRINITY_DN30866_c0_g2_i1.p1	360	222.405	2153	1330.69
TRINITY_DN76266_c1_g1_i1.p1	696	555.222	1195	295.854
TRINITY_DN77170_c0_g1_i1.p1	882	741.169	313	58.0502
TRINITY_DN70174_c0_g1_i1.p1	1494	1353.16	2255	229.073
TRINITY_DN83775_c0_g1_i2.p1	2292	2151.16	784	50.098
TRINITY_DN83468_c2_g1_i1.p1	2709	2568.16	1995	106.782
TRINITY_DN64202_c0_g1_i1.p1	2466	2325.16	5763	340.7
TRINITY_DN67688_c0_g1_i1.p1	936	795.169	216	37.3397
TRINITY_DN68259_c0_g1_i1.p1	1086	945.16	1071	155.762
TRINITY_DN78525_c1_g1_i2.p1	1200	1059.16	682	88.5115
TRINITY_DN82474_c0_g1_i1.p1	792	651.178	509	107.447
TRINITY_DN66033_c0_g1_i1.p1	561	420.413	794	259.61
TRINITY_DN69831_c0_g1_i1.p1	1341	1200.16	1730	198.145
TRINITY_DN59575_c0_g1_i1.p1	456	316.035	228	99.169
TRINITY_DN80863_c0_g1_i1.p1	1242	1101.16	588	73.4013
TRINITY_DN67247_c1_g1_i2.p1	660	519.262	751	198.806
TRINITY_DN79906_c0_g1_i1.p1	1173	1032.16	3032	403.793
TRINITY_DN82613_c0_g1_i2.p1	2283	2142.16	676	43.3782
TRINITY_DN48833_c0_g2_i1.p1	1383	1242.16	1100	121.728
TRINITY_DN80041_c0_g1_i1.p1	531	390.54	1306	459.678
TRINITY_DN83505_c0_g1_i1.p1	3831	3690.16	2252	83.888
TRINITY_DN59864_c0_g1_i1.p1	1194	1053.16	3288	429.155
TRINITY_DN83163_c0_g1_i1.p1	1824	1683.16	1031	84.1996
TRINITY_DN5268_c0_g1_i1.p1	561	420.413	61	19.9448
TRINITY_DN83794_c1_g1_i1.p1	564	423.403	195	63.3079
TRINITY_DN78172_c1_g1_i2.p1	576	435.382	411	129.762
TRINITY_DN83507_c1_g2_i1.p1	2661	2520.16	1193	65.0713
TRINITY_DN77847_c0_g1_i1.p1	2691	2550.16	3479	187.527
TRINITY_DN51414_c0_g1_i1.p1	528	387.54	544	192.956
TRINITY_DN36165_c0_g1_i1.p1	1128	987.16	429	59.7374
TRINITY_DN55608_c0_g1_i3.p1	306	171.625	258	206.64
TRINITY_DN79382_c1_g1_i1.p1	516	375.568	782	286.216
TRINITY_DN82713_c0_g1_i1.p1	3843	3702.16	3915	145.363
TRINITY_DN26889_c0_g2_i1.p1	927	786.169	1985	347.073
TRINITY_DN77678_c0_g1_i1.p1	1230	1089.16	654	82.5397
TRINITY_DN94442_c0_g1_i1.p1	801	660.178	1210	251.942
TRINITY_DN74960_c0_g1_i1.p1	324	188.332	496	362.021
TRINITY_DN85185_c0_g2_i1.p1	1413	1272.16	3927	424.322
TRINITY_DN37317_c0_g2_i1.p1	2763	2622.16	2625	137.609
TRINITY_DN82525_c0_g1_i1.p1	930	789.169	297	51.7324
TRINITY_DN66990_c0_g1_i1.p1	2202	2061.16	2077	138.517
TRINITY_DN69865_c0_g1_i1.p1	1803	1662.16	2466	203.938
TRINITY_DN81931_c0_g1_i1.p2	438	298.242	315	145.184
TRINITY_DN73977_c0_g1_i1.p1	1359	1218.16	461	52.0204
TRINITY_DN77470_c0_g1_i1.p1	1767	1626.16	987	83.4316
TRINITY_DN81312_c0_g2_i1.p1	765	624.194	250	55.0551
TRINITY_DN74675_c0_g1_i1.p1	2685	2544.16	6094	329.257
TRINITY_DN55544_c0_g2_i2.p1	879	738.169	1014	188.825
TRINITY_DN81541_c1_g1_i3.p1	1080	939.16	740	108.31
TRINITY_DN82216_c0_g1_i1.p1	1794	1653.16	707	58.787
TRINITY_DN79443_c1_g1_i1.p1	1623	1482.16	1378	127.8
TRINITY_DN77762_c0_g1_i1.p1	1125	984.16	432	60.3386
TRINITY_DN82107_c0_g1_i4.p1	2235	2094.16	1877	123.206
TRINITY_DN84121_c0_g1_i1.p2	1158	1017.16	693	93.6528
TRINITY_DN69397_c0_g1_i3.p1	1122	981.16	168	23.5367
TRINITY_DN79863_c1_g1_i1.p1	1056	915.16	809	121.515
TRINITY_DN79288_c0_g1_i1.p1	1698	1557.16	1006	88.8059
TRINITY_DN79512_c1_g1_i1.p1	3306	3165.16	2926	127.074
TRINITY_DN83476_c0_g1_i1.p1	423	283.577	169	81.9205
TRINITY_DN84205_c0_g1_i1.p1	2430	2289.16	1314	78.9035
TRINITY_DN11974_c0_g2_i1.p1	543	402.453	171	58.406
TRINITY_DN81485_c1_g2_i1.p1	2796	2655.16	2271	117.572
TRINITY_DN82465_c1_g1_i1.p1	924	783.169	663	116.368
TRINITY_DN84272_c2_g2_i1.p2	780	639.194	145	31.1826
TRINITY_DN67983_c0_g2_i1.p1	777	636.194	499	107.817
TRINITY_DN25742_c0_g1_i1.p1	708	567.215	1191	288.629
TRINITY_DN70273_c0_g1_i1.p1	1197	1056.16	1193	155.27
TRINITY_DN68584_c0_g2_i1.p1	636	495.28	274	76.046
TRINITY_DN81430_c0_g2_i1.p1	1680	1539.16	865	77.2519
TRINITY_DN84730_c0_g1_i1.p1	1746	1605.16	1474	126.228
TRINITY_DN76726_c0_g1_i1.p1	1761	1620.16	1782	151.191
TRINITY_DN82396_c0_g1_i1.p1	1170	1029.16	801	106.986
TRINITY_DN66749_c0_g1_i1.p1	1008	867.16	952	150.909
TRINITY_DN55158_c0_g1_i1.p1	2019	1878.16	2026	148.28
TRINITY_DN81396_c0_g1_i1.p1	1797	1656.16	754	62.5815
TRINITY_DN94208_c0_g1_i1.p1	924	783.169	1314	230.63
TRINITY_DN74284_c2_g1_i1.p1	3000	2859.16	2456	118.077
TRINITY_DN72131_c0_g1_i1.p1	3411	3270.16	3821	160.615
TRINITY_DN50368_c0_g1_i1.p1	1581	1440.16	1854	176.96
TRINITY_DN79517_c1_g1_i1.p1	534	393.526	181	63.224
TRINITY_DN83708_c0_g1_i3.p1	2265	2124.16	949	61.4124
TRINITY_DN80401_c1_g1_i1.p1	1107	966.16	249	35.4264
TRINITY_DN82779_c0_g1_i10.p1	561	420.413	210	68.6625
TRINITY_DN80975_c0_g1_i1.p1	2874	2733.16	693	34.8534
TRINITY_DN81907_c0_g2_i3.p1	927	786.169	1377	240.766
TRINITY_DN54829_c0_g1_i1.p1	1746	1605.16	2423	207.497
TRINITY_DN81878_c0_g1_i1.p1	765	624.194	246	54.1742
TRINITY_DN70070_c0_g1_i2.p1	1578	1437.16	1807	172.834
TRINITY_DN13445_c0_g1_i1.p1	2379	2238.16	6697	411.307
TRINITY_DN79173_c0_g1_i1.p1	2055	1914.16	994	71.3814
TRINITY_DN80436_c0_g1_i1.p1	1845	1704.16	1048	84.5333
TRINITY_DN83018_c0_g1_i1.p1	1128	987.16	604	84.1059
TRINITY_DN83458_c1_g2_i2.p1	1701	1560.16	491	43.2603
TRINITY_DN83173_c0_g1_i2.p1	2058	1917.16	752	53.9183
TRINITY_DN8333_c0_g1_i1.p1	1845	1704.16	2408	194.233
TRINITY_DN81730_c0_g2_i2.p1	3039	2898.16	1207	57.2482
TRINITY_DN83922_c1_g1_i3.p1	1146	1005.16	774	105.848
TRINITY_DN81102_c1_g2_i1.p1	801	660.178	263	54.761
TRINITY_DN79361_c0_g1_i1.p1	2493	2352.16	1628	95.1403
TRINITY_DN74636_c0_g1_i1.p1	3366	3225.16	5776	246.18
TRINITY_DN69984_c0_g1_i1.p1	588	447.36	1046	321.404
TRINITY_DN11058_c0_g1_i1.p1	1263	1122.16	2991	366.386
TRINITY_DN83544_c0_g2_i1.p2	1341	1200.16	576	65.9721
TRINITY_DN84514_c0_g2_i1.p1	3024	2883.16	8116	386.946
TRINITY_DN80283_c0_g1_i1.p1	1398	1257.16	408	44.6115
TRINITY_DN76476_c0_g1_i1.p1	474	333.845	142	58.4682
TRINITY_DN84530_c3_g1_i1.p1	3540	3399.16	4601	186.062
TRINITY_DN82682_c3_g1_i1.p1	612	471.315	372	108.495
TRINITY_DN76408_c0_g2_i1.p1	549	408.433	634	213.376
TRINITY_DN32254_c0_g1_i1.p1	375	236.864	2103	1220.44
TRINITY_DN81690_c0_g1_i1.p1	1572	1431.16	654	62.8154
TRINITY_DN82223_c0_g1_i1.p1	2898	2757.16	1474	73.4873
TRINITY_DN67097_c0_g1_i1.p1	1209	1068.16	1371	176.432
TRINITY_DN80582_c0_g1_i1.p1	3129	2988.16	2220	102.124
TRINITY_DN81650_c0_g1_i1.p1	873	732.169	462	86.7375
TRINITY_DN60313_c0_g1_i1.p1	522	381.55	3717	1339.12
TRINITY_DN83436_c0_g1_i3.p1	513	372.573	390	143.89
TRINITY_DN82996_c2_g1_i3.p1	1638	1497.16	663	60.8726
TRINITY_DN83949_c1_g1_i1.p1	2292	2151.16	1555	99.3652
TRINITY_DN73831_c0_g1_i1.p1	660	519.262	219	57.9742
TRINITY_DN100319_c0_g1_i1.p1	1068	927.16	2775	411.42
TRINITY_DN83660_c0_g1_i2.p1	1962	1821.16	11277	851.182
TRINITY_DN90800_c0_g1_i1.p1	4248	4107.16	10412	348.473
TRINITY_DN82768_c0_g1_i3.p1	876	735.169	335	62.6375
TRINITY_DN70163_c0_g2_i1.p1	2940	2799.16	2475	121.541
TRINITY_DN84713_c0_g5_i1.p2	366	228.185	494	297.589
TRINITY_DN50578_c0_g2_i1.p1	1032	891.16	1350	208.236
TRINITY_DN90877_c0_g1_i1.p1	816	675.178	2063	420.008
TRINITY_DN80270_c0_g1_i2.p1	426	286.503	504	241.812
TRINITY_DN77901_c0_g2_i2.p1	459	319.012	812	349.885
TRINITY_DN83917_c3_g1_i1.p1	3108	2967.16	5747	266.242
TRINITY_DN1335_c0_g1_i1.p1	1371	1230.16	13719	1532.98
TRINITY_DN7914_c0_g1_i1.p1	588	447.36	2888	887.394
TRINITY_DN25663_c0_g1_i1.p2	687	546.222	381	95.881
TRINITY_DN25663_c0_g1_i1.p1	750	609.194	1411	318.382
TRINITY_DN93718_c0_g1_i1.p2	654	513.262	7904	2116.83
TRINITY_DN90791_c0_g1_i1.p1	402	263.075	1762	920.669
TRINITY_DN45188_c0_g1_i1.p1	1791	1650.16	3345	278.642
TRINITY_DN1154_c0_g1_i1.p1	759	618.194	2559	569.013
TRINITY_DN99870_c0_g1_i1.p1	648	507.28	7559	2048.3
TRINITY_DN95043_c0_g1_i1.p1	393	254.291	1428	771.923
TRINITY_DN25856_c0_g1_i1.p1	1197	1056.16	3358	437.047
TRINITY_DN10456_c0_g2_i1.p1	642	501.28	7407	2031.13
TRINITY_DN93911_c0_g1_i1.p1	576	435.382	15687	4952.75
TRINITY_DN14084_c0_g1_i1.p1	705	564.222	4219	1027.87
TRINITY_DN82172_c2_g1_i1.p2	516	375.568	328	120.05
TRINITY_DN40331_c0_g1_i1.p1	2583	2442.16	6427	361.752
TRINITY_DN74554_c0_g1_i1.p1	2643	2502.16	8083	444.053
TRINITY_DN53483_c0_g1_i2.p1	330	193.937	917	649.957
TRINITY_DN91080_c0_g1_i1.p2	729	588.208	1745	407.794
TRINITY_DN93711_c0_g1_i1.p1	393	254.291	1336	722.191
TRINITY_DN56595_c0_g1_i1.p1	534	393.526	2343	818.419
TRINITY_DN94256_c0_g1_i1.p1	540	399.458	1513	520.648
TRINITY_DN79539_c0_g1_i1.p1	1227	1086.16	1498	189.581
TRINITY_DN43474_c0_g1_i1.p1	324	188.332	1350	985.338
TRINITY_DN72502_c0_g1_i3.p1	918	777.169	4151	734.199
TRINITY_DN80030_c0_g1_i1.p1	2106	1965.16	5509	385.347
TRINITY_DN34613_c0_g3_i1.p1	1224	1083.16	6176	783.775
TRINITY_DN64805_c0_g1_i1.p1	969	828.16	285	47.3051
TRINITY_DN25437_c0_g1_i1.p1	621	480.292	6316	1807.65
TRINITY_DN76103_c0_g2_i1.p1	1353	1212.16	2183	247.554
TRINITY_DN25347_c0_g1_i1.p2	828	687.178	1584	316.857
TRINITY_DN77113_c0_g1_i1.p1	1257	1116.16	847	104.312
TRINITY_DN73362_c0_g1_i1.p1	426	286.503	2380	1141.89
TRINITY_DN78397_c0_g1_i1.p1	1023	882.16	1423	221.735
TRINITY_DN84856_c0_g1_i1.p1	729	588.208	1265	295.622
TRINITY_DN75395_c0_g2_i2.p2	735	594.194	439	101.558
TRINITY_DN64587_c0_g1_i1.p1	645	504.28	10444	2846.9
TRINITY_DN79023_c0_g1_i2.p1	312	177.153	265	205.624
TRINITY_DN81980_c1_g1_i2.p1	663	522.262	944	248.462
TRINITY_DN90981_c0_g1_i1.p1	528	387.54	2775	984.289
TRINITY_DN2355_c0_g1_i1.p1	894	753.169	1282	233.976
TRINITY_DN94078_c0_g1_i1.p1	423	283.577	6946	3366.98
TRINITY_DN1302_c0_g1_i1.p1	303	168.863	3483	2835.29
TRINITY_DN91231_c0_g2_i1.p1	588	447.36	770	236.597
TRINITY_DN84944_c0_g1_i1.p1	342	205.264	1613	1080.19
TRINITY_DN43484_c0_g1_i1.p1	339	202.408	547	371.481
TRINITY_DN78098_c0_g1_i2.p1	1254	1113.16	1123	138.675
TRINITY_DN83483_c0_g1_i1.p1	978	837.16	862	141.539
TRINITY_DN20481_c0_g2_i1.p2	834	693.169	1693	335.733
TRINITY_DN97210_c0_g1_i1.p1	375	236.864	2263	1313.3
TRINITY_DN31804_c0_g1_i1.p1	924	783.169	867	152.174
TRINITY_DN25267_c0_g1_i1.p1	336	199.59	2713	1868.48
TRINITY_DN49007_c0_g1_i1.p2	459	319.012	380	163.739
TRINITY_DN75132_c0_g1_i1.p1	420	280.622	48	23.5124
TRINITY_DN74446_c0_g1_i3.p1	702	561.222	200	48.986
TRINITY_DN87995_c0_g1_i1.p1	1614	1473.16	14312	1335.45
TRINITY_DN67220_c0_g2_i1.p1	1167	1026.16	4012	537.431
TRINITY_DN25538_c0_g1_i1.p1	525	384.545	929	332.082
TRINITY_DN99724_c0_g1_i1.p1	315	179.974	20630	15756.7
TRINITY_DN79460_c0_g3_i1.p1	939	798.169	1879	323.6
TRINITY_DN94040_c0_g1_i1.p1	1950	1809.16	4434	336.896
TRINITY_DN87852_c0_g1_i1.p1	453	313.062	5088	2234.05
TRINITY_DN56350_c0_g1_i1.p1	756	615.194	8808	1968.08
TRINITY_DN82766_c3_g2_i1.p1	1263	1122.16	961	117.719
TRINITY_DN72265_c0_g1_i1.p1	1305	1164.16	10982	1296.72
TRINITY_DN20544_c0_g1_i2.p1	819	678.178	1142	231.472
TRINITY_DN82595_c0_g1_i1.p1	2655	2514.16	8367	457.461
TRINITY_DN88013_c0_g1_i1.p1	627	486.286	4518	1277.12
TRINITY_DN80593_c0_g1_i1.p1	1218	1077.16	579	73.8882
TRINITY_DN96915_c0_g1_i1.p1	1797	1656.16	2670	221.608
TRINITY_DN84876_c0_g1_i1.p1	1158	1017.16	16222	2192.26
TRINITY_DN70126_c0_g1_i1.p1	1383	1242.16	2557	282.963
TRINITY_DN71482_c0_g1_i1.p3	327	191.136	287	206.403
TRINITY_DN19998_c0_g1_i1.p1	2439	2298.16	4821	288.359
TRINITY_DN76976_c0_g2_i1.p1	1515	1374.16	1070	107.034
TRINITY_DN94751_c0_g1_i1.p2	330	193.937	1071	759.11
TRINITY_DN69157_c0_g1_i1.p1	861	720.169	3176	606.209
TRINITY_DN97245_c0_g1_i1.p1	1071	930.16	2453	362.507
TRINITY_DN66206_c0_g1_i1.p1	1494	1353.16	2154	218.813
TRINITY_DN87968_c0_g1_i1.p1	1605	1464.16	953	89.4708
TRINITY_DN10561_c0_g1_i1.p1	1707	1566.16	6102	535.566
TRINITY_DN42743_c0_g1_i1.p1	354	216.668	817	518.328
TRINITY_DN62678_c0_g1_i1.p2	489	348.749	41008	16163.4
TRINITY_DN74602_c0_g1_i1.p1	2607	2466.16	2753	153.448
TRINITY_DN19154_c0_g1_i1.p1	450	310.097	1007	446.384
TRINITY_DN88019_c0_g1_i1.p1	405	266.016	1337	690.876
TRINITY_DN10438_c0_g1_i1.p1	1845	1704.16	2678	216.012
TRINITY_DN90976_c0_g1_i1.p1	540	399.458	2466	848.591
TRINITY_DN87994_c0_g1_i1.p1	453	313.062	5362	2354.36
TRINITY_DN96939_c0_g1_i1.p1	1557	1416.16	3130	303.815
TRINITY_DN71050_c0_g1_i1.p1	438	298.242	488	224.92
TRINITY_DN93814_c0_g1_i1.p1	915	774.169	3013	534.983
TRINITY_DN73254_c2_g1_i1.p1	609	468.321	1347	395.367
TRINITY_DN70799_c0_g2_i1.p1	1128	987.16	4022	560.056
TRINITY_DN87937_c0_g1_i1.p1	1005	864.16	3579	569.304
TRINITY_DN97010_c0_g1_i1.p1	489	348.749	5223	2058.66
TRINITY_DN36265_c0_g1_i1.p1	1284	1143.16	924	111.107
TRINITY_DN94126_c0_g1_i1.p2	669	528.262	1510	392.921
TRINITY_DN64877_c0_g1_i1.p1	804	663.178	7327	1518.7
TRINITY_DN70818_c0_g1_i1.p1	579	438.377	3242	1016.58
TRINITY_DN78034_c0_g1_i1.p1	618	477.298	275	79.199
TRINITY_DN88182_c0_g1_i1.p1	990	849.16	3951	639.579
TRINITY_DN68919_c0_g1_i1.p1	1287	1146.16	2139	256.533
TRINITY_DN5142_c0_g2_i1.p1	900	759.169	4632	838.7
TRINITY_DN59128_c0_g1_i1.p1	630	489.28	3363	944.813
TRINITY_DN100035_c0_g1_i1.p1	462	321.973	1902	812.022
TRINITY_DN100118_c0_g1_i1.p1	351	213.809	1766	1135.38
TRINITY_DN67241_c0_g1_i1.p1	756	615.194	1631	364.434
TRINITY_DN99836_c0_g1_i1.p1	780	639.194	5285	1136.55
TRINITY_DN82502_c0_g2_i1.p1	723	582.208	532	125.606
TRINITY_DN76209_c0_g1_i1.p1	1662	1521.16	3308	298.929
TRINITY_DN55247_c0_g1_i1.p1	939	798.169	20322	3499.84
TRINITY_DN74615_c1_g1_i1.p1	495	354.714	40	15.5009
TRINITY_DN83950_c0_g1_i2.p1	1566	1425.16	1094	105.519
TRINITY_DN76858_c0_g1_i1.p1	1398	1257.16	5018	548.677
TRINITY_DN59397_c0_g1_i1.p1	528	387.54	4050	1436.53
TRINITY_DN88008_c0_g1_i1.p2	405	266.016	4462	2305.68
TRINITY_DN13458_c0_g1_i1.p1	573	432.387	74	23.5253
TRINITY_DN72438_c0_g1_i1.p2	360	222.405	620	383.199
TRINITY_DN8328_c0_g1_i1.p1	552	411.433	2456	820.551
TRINITY_DN67985_c0_g1_i1.p3	351	213.809	1139	732.277
TRINITY_DN77446_c0_g2_i1.p1	513	372.573	616	227.272
TRINITY_DN88251_c0_g1_i1.p2	474	333.845	186	76.5851
TRINITY_DN80240_c0_g1_i1.p1	1434	1293.16	764	81.2116
TRINITY_DN69599_c0_g1_i1.p1	498	357.688	1279	491.522
TRINITY_DN84361_c0_g1_i1.p1	765	624.194	3154	694.575
TRINITY_DN97083_c0_g1_i1.p1	471	330.866	53	22.0192
TRINITY_DN93719_c0_g1_i1.p1	489	348.749	779	307.045
TRINITY_DN73863_c0_g1_i1.p1	627	486.286	608	171.865
TRINITY_DN97280_c0_g1_i1.p1	444	304.161	1682	760.151
TRINITY_DN70235_c0_g2_i1.p1	471	330.866	107	44.4538
TRINITY_DN83011_c0_g1_i2.p1	444	304.161	325	146.878
TRINITY_DN53289_c0_g1_i2.p1	618	477.298	416	119.807
TRINITY_DN85024_c0_g1_i1.p1	729	588.208	1993	465.75
TRINITY_DN41940_c0_g1_i1.p1	306	171.625	15	12.014
TRINITY_DN85049_c0_g1_i1.p1	774	633.194	11565	2510.65
TRINITY_DN1293_c1_g1_i1.p1	1059	918.16	47965	7180.97
TRINITY_DN14306_c0_g1_i1.p1	1545	1404.16	16547	1619.87
TRINITY_DN1373_c0_g1_i1.p2	429	289.426	2578	1224.4
TRINITY_DN72390_c0_g1_i1.p1	645	504.28	3954	1077.81
TRINITY_DN90818_c0_g1_i1.p2	333	196.77	13349	9325.4
TRINITY_DN66326_c0_g2_i1.p1	1407	1266.16	1846	200.41
TRINITY_DN78857_c0_g1_i1.p2	612	471.315	104	30.3318
TRINITY_DN67923_c0_g1_i1.p1	690	549.222	8468	2119.38
TRINITY_DN11027_c0_g1_i1.p1	1935	1794.16	3093	236.971
TRINITY_DN78321_c1_g2_i1.p1	1989	1848.16	1851	137.671
TRINITY_DN37307_c0_g1_i1.p1	558	417.418	10174	3350.4
TRINITY_DN68575_c0_g1_i1.p1	2451	2310.16	4454	265.024
TRINITY_DN57453_c0_g2_i1.p1	1497	1356.16	12482	1265.17
TRINITY_DN84838_c0_g1_i1.p1	2718	2577.16	6999	373.312
TRINITY_DN71217_c0_g1_i1.p1	741	600.194	3278	750.748
TRINITY_DN88005_c0_g1_i1.p1	381	242.634	2724	1543.24
TRINITY_DN91117_c0_g1_i1.p1	1719	1578.16	3121	271.844
TRINITY_DN99863_c0_g1_i1.p1	393	254.291	10120	5470.49
TRINITY_DN74320_c0_g1_i1.p1	1839	1698.16	47763	3866.25
TRINITY_DN79129_c0_g1_i1.p2	1209	1068.16	3405	438.185
TRINITY_DN99707_c0_g1_i1.p1	570	429.387	11024	3529.12
TRINITY_DN6786_c0_g1_i1.p1	2235	2094.16	4071	267.219
TRINITY_DN84816_c5_g1_i4.p1	1044	903.16	1092	166.201
TRINITY_DN91188_c0_g1_i1.p1	1176	1035.16	2378	315.778
TRINITY_DN87923_c0_g1_i1.p1	615	474.304	13255	3841.49
TRINITY_DN94530_c0_g1_i1.p1	672	531.262	1511	390.96
TRINITY_DN58111_c0_g1_i1.p1	1881	1740.16	9774	772.076
TRINITY_DN96997_c0_g1_i1.p1	1197	1056.16	2243	291.928
TRINITY_DN55029_c1_g1_i1.p1	1311	1170.16	3032	356.173
TRINITY_DN49635_c0_g1_i1.p1	672	531.262	1290	333.778
TRINITY_DN68533_c0_g2_i1.p1	528	387.54	1373	487.001
TRINITY_DN60362_c0_g1_i1.p1	5034	4893.16	7922	222.547
TRINITY_DN13125_c0_g1_i1.p1	783	642.186	912	195.214
TRINITY_DN69411_c0_g1_i1.p1	1953	1812.16	3148	238.789
TRINITY_DN84863_c0_g1_i1.p1	444	304.161	5220	2359.09
TRINITY_DN79899_c0_g1_i1.p1	918	777.169	274	48.4631
TRINITY_DN40196_c0_g1_i1.p1	918	777.169	1832	324.031
TRINITY_DN83600_c1_g1_i1.p1	1152	1011.16	1758	238.988
TRINITY_DN88056_c0_g1_i1.p2	657	516.262	2344	624.115
TRINITY_DN67594_c0_g1_i1.p1	1470	1329.16	9289	960.657
TRINITY_DN82457_c0_g1_i1.p1	519	378.559	5890	2138.74
TRINITY_DN91197_c0_g1_i1.p1	456	316.035	1170	508.893
TRINITY_DN70602_c0_g1_i1.p1	891	750.169	3510	643.168
TRINITY_DN71017_c0_g1_i2.p1	750	609.194	1561	352.228
TRINITY_DN14372_c0_g1_i1.p1	1227	1086.16	1218	154.145
TRINITY_DN91239_c0_g1_i1.p1	483	342.808	1419	568.995
TRINITY_DN88103_c0_g1_i1.p1	1176	1035.16	1968	261.333
TRINITY_DN15301_c0_g1_i1.p1	522	381.55	11348	4088.32
TRINITY_DN90811_c0_g1_i1.p1	735	594.194	3868	894.819
TRINITY_DN88326_c0_g1_i1.p1	378	239.729	599	343.466
TRINITY_DN25861_c0_g1_i1.p1	927	786.169	9667	1690.26
TRINITY_DN91334_c0_g1_i1.p1	453	313.062	2979	1308.03
TRINITY_DN87893_c0_g1_i1.p1	1833	1692.16	1360	110.478
TRINITY_DN6451_c0_g1_i1.p1	1632	1491.16	7921	730.185
TRINITY_DN14910_c0_g1_i1.p2	432	292.372	7569	3558.6
TRINITY_DN72020_c0_g2_i1.p2	456	316.035	297	129.181
TRINITY_DN76944_c0_g1_i1.p1	615	474.304	864	250.4
TRINITY_DN96782_c0_g1_i1.p1	741	600.194	4628	1059.93
TRINITY_DN25368_c0_g2_i1.p1	1185	1044.16	3278	431.538
TRINITY_DN59192_c0_g1_i1.p1	861	720.169	5690	1086.06
TRINITY_DN88264_c0_g1_i1.p1	471	330.866	1476	613.213
TRINITY_DN68779_c0_g1_i1.p1	693	552.222	208	51.7757
TRINITY_DN58551_c0_g1_i1.p2	327	191.136	988	710.544
TRINITY_DN100182_c0_g1_i1.p1	504	363.609	1665	629.443
TRINITY_DN94352_c0_g1_i1.p1	447	307.116	1698	759.998
TRINITY_DN94198_c0_g1_i1.p1	447	307.116	781	349.563
TRINITY_DN99744_c0_g1_i1.p1	363	225.314	6945	4237.03
TRINITY_DN57873_c0_g1_i1.p1	1539	1398.16	2121	208.526
TRINITY_DN87992_c0_g1_i1.p1	1053	912.16	4376	659.452
TRINITY_DN78739_c0_g1_i2.p1	531	390.54	2458	865.152
TRINITY_DN90932_c0_g1_i1.p1	768	627.194	887	194.401
TRINITY_DN88407_c0_g1_i1.p2	309	174.38	5301	4178.67
TRINITY_DN94854_c0_g1_i1.p1	561	420.413	752	245.877
TRINITY_DN68589_c0_g1_i1.p1	2262	2121.16	2648	171.602
TRINITY_DN84781_c1_g4_i1.p1	1854	1713.16	1279	102.624
TRINITY_DN97200_c0_g1_i1.p1	396	257.213	1547	826.751
TRINITY_DN16316_c0_g2_i1.p1	753	612.194	1916	430.213
TRINITY_DN30984_c0_g2_i1.p1	711	570.215	271	65.3292
TRINITY_DN94248_c0_g1_i1.p2	618	477.298	1137	327.452
TRINITY_DN80384_c0_g1_i1.p1	1176	1035.16	394	52.3197
TRINITY_DN100348_c0_g1_i1.p1	810	669.178	2714	557.5
TRINITY_DN17430_c0_g1_i1.p1	642	501.28	1212	332.352
TRINITY_DN80338_c1_g1_i1.p2	879	738.169	190	35.3813
TRINITY_DN91076_c0_g1_i1.p1	498	357.688	1387	533.027
TRINITY_DN57189_c0_g2_i1.p1	555	414.423	70	23.2183
TRINITY_DN61044_c0_g1_i1.p1	825	684.178	195	39.178
TRINITY_DN58056_c0_g1_i1.p1	786	645.186	331	70.5212
TRINITY_DN55025_c0_g1_i1.p1	681	540.222	703	178.879
TRINITY_DN68335_c0_g1_i1.p1	555	414.423	2777	921.103
TRINITY_DN96817_c0_g1_i1.p1	1845	1704.16	2197	177.213
TRINITY_DN60656_c0_g1_i1.p1	465	324.902	8022	3393.97
TRINITY_DN54506_c1_g1_i1.p1	618	477.298	1908	549.497
TRINITY_DN28985_c0_g1_i1.p1	1251	1110.16	9008	1115.37
TRINITY_DN70362_c0_g2_i1.p1	924	783.169	1079	189.384
TRINITY_DN68238_c0_g1_i1.p1	414	274.744	2057	1029.16
TRINITY_DN87823_c0_g1_i1.p1	1398	1257.16	17839	1950.55
TRINITY_DN62805_c1_g2_i1.p1	2250	2109.16	1189	77.4906
TRINITY_DN90989_c0_g1_i1.p1	828	687.178	2681	536.296
TRINITY_DN87854_c0_g1_i1.p1	1809	1668.16	87076	7175.26
TRINITY_DN56292_c0_g1_i1.p1	309	174.38	471	371.28
TRINITY_DN14188_c0_g1_i1.p1	597	456.349	8502	2560.95
TRINITY_DN37069_c0_g2_i1.p1	1023	882.16	3094	482.114
TRINITY_DN99709_c0_g1_i1.p1	1470	1329.16	2951	305.189
TRINITY_DN54903_c0_g1_i1.p1	393	254.291	7926	4284.5
TRINITY_DN71926_c0_g1_i1.p1	891	750.169	1233	225.933
TRINITY_DN46457_c0_g1_i1.p1	1368	1227.16	3886	435.29
TRINITY_DN87817_c0_g1_i1.p1	867	726.169	2859	541.194
TRINITY_DN60518_c0_g1_i1.p1	1188	1047.16	16381	2150.33
TRINITY_DN69262_c0_g2_i2.p1	804	663.178	564	116.903
TRINITY_DN14814_c0_g1_i1.p1	936	795.169	2282	394.487
TRINITY_DN37169_c0_g1_i1.p1	1032	891.16	1109	171.062
TRINITY_DN54901_c0_g1_i1.p1	1341	1200.16	2548	291.835
TRINITY_DN96872_c0_g1_i1.p1	1635	1494.16	4339	399.181
TRINITY_DN55267_c0_g1_i1.p1	1269	1128.16	7770	946.732
TRINITY_DN37083_c0_g1_i1.p1	1179	1038.16	2557	338.566
TRINITY_DN16280_c0_g1_i1.p1	1107	966.16	574	81.6657
TRINITY_DN59516_c0_g1_i1.p1	792	651.178	7763	1638.73
TRINITY_DN88273_c0_g1_i1.p1	516	375.568	6147	2249.84
TRINITY_DN36665_c0_g1_i1.p1	1497	1356.16	21262	2155.11
TRINITY_DN90801_c0_g1_i1.p1	969	828.16	2800	464.751
TRINITY_DN79639_c0_g1_i1.p1	1077	936.16	5799	851.491
TRINITY_DN96926_c0_g1_i1.p1	555	414.423	1068	354.245
TRINITY_DN90930_c0_g1_i1.p1	423	283.577	6165	2988.4
TRINITY_DN83986_c3_g3_i1.p1	531	390.54	925	325.576
TRINITY_DN60987_c0_g1_i1.p1	1668	1527.16	7239	651.585
TRINITY_DN59799_c0_g1_i1.p1	1179	1038.16	1215	160.875
TRINITY_DN85051_c0_g1_i1.p1	651	510.262	8171	2201.2
TRINITY_DN14134_c1_g1_i1.p1	594	453.355	1607	487.253
TRINITY_DN68700_c0_g1_i1.p1	762	621.194	3518	778.477
TRINITY_DN77292_c0_g1_i1.p1	312	177.153	629	488.067
TRINITY_DN55164_c0_g2_i1.p1	378	239.729	6902	3957.6
TRINITY_DN26062_c0_g1_i1.p1	1035	894.16	4451	684.257
TRINITY_DN83140_c0_g1_i1.p2	573	432.387	708	225.08
TRINITY_DN87906_c0_g1_i1.p1	1203	1062.16	3029	392
TRINITY_DN84623_c1_g3_i1.p1	1248	1107.16	1026	127.384
TRINITY_DN77107_c0_g1_i1.p1	1245	1104.16	1088	135.448
TRINITY_DN74567_c0_g1_i1.p1	3744	3603.16	8688	331.446
TRINITY_DN34501_c0_g1_i1.p1	1482	1341.16	3699	379.123
TRINITY_DN75488_c0_g3_i1.p1	474	333.845	5729	2358.9
TRINITY_DN75128_c0_g1_i1.p1	1707	1566.16	2118	185.895
TRINITY_DN85386_c0_g1_i1.p1	741	600.194	3045	697.385
TRINITY_DN83975_c1_g1_i1.p1	429	289.426	392	186.177
TRINITY_DN78913_c0_g1_i1.p1	603	462.332	2150	639.235
TRINITY_DN48922_c0_g1_i1.p1	576	435.382	725	228.899
TRINITY_DN99723_c0_g1_i1.p1	753	612.194	2653	595.697
TRINITY_DN11508_c0_g1_i1.p1	582	441.377	2029	631.902
TRINITY_DN85129_c0_g1_i1.p1	696	555.222	2334	577.844
TRINITY_DN91129_c0_g1_i1.p1	384	245.568	1100	615.742
TRINITY_DN63004_c0_g1_i2.p1	1104	963.16	837	119.455
TRINITY_DN87838_c0_g1_i1.p1	966	825.16	4885	813.773
TRINITY_DN87954_c0_g1_i1.p1	1152	1011.16	17312	2353.45
TRINITY_DN33567_c0_g1_i1.p1	441	301.19	5480	2501.01
TRINITY_DN55027_c0_g1_i1.p1	393	254.291	668	361.095
TRINITY_DN94376_c0_g1_i1.p1	987	846.16	1188	192.993
TRINITY_DN4087_c0_g1_i1.p1	399	260.168	1332	703.764
TRINITY_DN99736_c0_g1_i1.p2	564	423.403	2298	746.059
TRINITY_DN85294_c0_g1_i1.p1	372	233.991	4791	2814.51
TRINITY_DN85651_c0_g1_i1.p1	693	552.222	1675	416.944
TRINITY_DN91629_c0_g1_i1.p2	408	268.908	1023	522.937
TRINITY_DN100075_c0_g1_i1.p1	375	236.864	687	398.69
TRINITY_DN32820_c0_g1_i1.p1	618	477.298	1291	371.803
TRINITY_DN74086_c0_g1_i1.p1	1635	1494.16	7605	699.647
TRINITY_DN82781_c1_g1_i1.p1	1476	1335.16	600	61.7724
TRINITY_DN100083_c0_g1_i1.p1	492	351.736	1150	449.426
TRINITY_DN93725_c0_g1_i1.p1	774	633.194	1896	411.603
TRINITY_DN33231_c0_g1_i1.p1	603	462.332	9428	2803.12
TRINITY_DN78622_c0_g2_i1.p1	711	570.215	575	138.614
TRINITY_DN96831_c0_g1_i1.p1	888	747.169	5729	1053.99
TRINITY_DN75065_c0_g1_i1.p1	1527	1386.16	7271	721.037
TRINITY_DN93743_c0_g1_i1.p1	750	609.194	7168	1617.41
TRINITY_DN91487_c0_g1_i1.p1	387	248.455	975	539.428
TRINITY_DN64277_c0_g1_i1.p1	1311	1170.16	7799	916.158
TRINITY_DN79895_c0_g2_i1.p1	1368	1227.16	3548	397.429
TRINITY_DN13897_c0_g3_i1.p1	1224	1083.16	2742	347.978
TRINITY_DN90904_c0_g1_i1.p1	456	316.035	1006	437.561
TRINITY_DN90797_c0_g1_i1.p1	2229	2088.16	4915	323.546
TRINITY_DN69722_c0_g1_i1.p1	1686	1545.16	11240	999.93
TRINITY_DN55055_c0_g1_i1.p1	525	384.545	1536	549.061
TRINITY_DN54999_c0_g1_i1.p1	960	819.16	879	147.502
TRINITY_DN69708_c0_g1_i1.p1	738	597.194	1077	247.9
TRINITY_DN87861_c0_g1_i1.p1	1041	900.16	15120	2308.92
TRINITY_DN90833_c0_g1_i1.p1	1158	1017.16	2573	347.718
TRINITY_DN54756_c0_g1_i1.p1	330	193.937	4589	3252.62
TRINITY_DN67796_c0_g1_i2.p1	1314	1173.16	2248	263.4
TRINITY_DN90844_c0_g1_i1.p1	522	381.55	6030	2172.41
TRINITY_DN37360_c0_g1_i1.p1	1572	1431.16	5584	536.332
TRINITY_DN36119_c0_g1_i1.p2	828	687.178	1524	304.854
TRINITY_DN43954_c0_g3_i1.p1	972	831.16	2040	337.382
TRINITY_DN90879_c0_g1_i1.p1	660	519.262	13296	3519.75
TRINITY_DN12929_c0_g1_i1.p1	810	669.178	1933	397.07
TRINITY_DN59493_c0_g1_i1.p1	786	645.186	6619	1410.21
TRINITY_DN87964_c0_g1_i1.p1	687	546.222	1872	471.1
TRINITY_DN88074_c0_g1_i1.p1	1596	1455.16	6375	602.208
TRINITY_DN79452_c0_g1_i1.p1	1038	897.16	1489	228.14
TRINITY_DN16430_c0_g1_i1.p3	489	348.749	648	255.411
TRINITY_DN58834_c0_g1_i1.p1	615	474.304	1263	366.036
TRINITY_DN97104_c0_g1_i1.p1	516	375.568	995	364.176
TRINITY_DN62969_c0_g1_i1.p1	489	348.749	2773	1092.98
TRINITY_DN68586_c0_g1_i1.p1	2622	2481.16	9466	524.431
TRINITY_DN73494_c1_g1_i1.p1	549	408.433	2616	880.427
TRINITY_DN91065_c0_g1_i1.p1	540	399.458	10687	3677.57
TRINITY_DN69458_c0_g1_i1.p1	1074	933.16	1298	191.203
TRINITY_DN75638_c0_g1_i1.p1	714	573.215	307	73.6203
TRINITY_DN100068_c0_g1_i1.p1	840	699.169	817	160.626
TRINITY_DN82965_c0_g1_i2.p1	2307	2166.16	2246	142.527
TRINITY_DN96787_c0_g1_i1.p1	957	816.16	2696	454.069
TRINITY_DN54961_c0_g1_i1.p1	459	319.012	2369	1020.79
TRINITY_DN85128_c0_g1_i1.p1	621	480.292	1409	403.257
TRINITY_DN59279_c0_g1_i1.p3	333	196.77	4615	3223.96
TRINITY_DN85150_c0_g1_i1.p1	477	336.829	1213	495.026
TRINITY_DN24728_c0_g1_i1.p1	708	567.215	3291	797.548
TRINITY_DN87930_c0_g1_i1.p1	864	723.169	4674	888.434
TRINITY_DN26032_c0_g1_i1.p2	420	280.622	1561	764.642
TRINITY_DN76420_c0_g1_i1.p1	822	681.178	1524	307.54
TRINITY_DN85135_c0_g1_i1.p1	582	441.377	1620	504.525
TRINITY_DN54813_c0_g1_i1.p1	759	618.194	1963	436.488
TRINITY_DN75679_c0_g1_i1.p1	396	257.213	1095	585.193
TRINITY_DN99699_c0_g1_i1.p1	591	450.355	7387	2254.71
TRINITY_DN77025_c0_g1_i1.p1	2349	2208.16	2740	170.568
TRINITY_DN26911_c0_g1_i1.p1	366	228.185	7722	4651.79
TRINITY_DN79917_c0_g1_i1.p1	501	360.618	2359	899.203
TRINITY_DN99779_c0_g1_i1.p1	456	316.035	6913	3006.82
TRINITY_DN77427_c1_g1_i2.p1	420	280.622	1459	714.678
TRINITY_DN100193_c0_g1_i1.p1	645	504.28	2789	760.245
TRINITY_DN100290_c0_g1_i1.p1	831	690.169	1814	361.292
TRINITY_DN35874_c0_g1_i1.p1	732	591.201	3771	876.795
TRINITY_DN90806_c0_g1_i1.p1	771	630.194	944	205.909
TRINITY_DN99835_c0_g1_i1.p1	561	420.413	662	216.45
TRINITY_DN49312_c0_g1_i1.p1	1113	972.16	1881	265.967
TRINITY_DN79921_c0_g2_i1.p1	861	720.169	1036	197.743
TRINITY_DN32310_c0_g1_i1.p1	936	795.169	237	40.9699
TRINITY_DN81131_c2_g1_i2.p1	1158	1017.16	290	39.1909
TRINITY_DN83134_c0_g1_i1.p1	1176	1035.16	714	94.8129
TRINITY_DN80960_c0_g1_i1.p1	915	774.169	213	37.8199
TRINITY_DN81757_c0_g2_i1.p1	456	316.035	358	155.713
TRINITY_DN78618_c1_g2_i1.p1	561	420.413	205	67.0277
TRINITY_DN50168_c0_g1_i1.p1	738	597.194	462	106.342
TRINITY_DN83090_c0_g1_i1.p2	465	324.902	340	143.848
TRINITY_DN13921_c0_g1_i1.p1	1413	1272.16	561	60.6175
TRINITY_DN37251_c0_g2_i1.p1	996	855.16	1227	197.231
TRINITY_DN69701_c0_g2_i1.p1	1206	1065.16	571	73.6882
TRINITY_DN84957_c0_g1_i1.p1	900	759.169	11226	2032.65
TRINITY_DN99732_c0_g2_i1.p1	981	840.16	873	142.833
TRINITY_DN40845_c0_g1_i1.p1	1068	927.16	3979	589.924
TRINITY_DN87938_c0_g1_i1.p1	1233	1092.16	4057	510.617
TRINITY_DN81255_c0_g1_i1.p1	609	468.321	21504	6311.79
TRINITY_DN67942_c0_g1_i1.p1	450	310.097	1315	582.915
TRINITY_DN73427_c0_g1_i1.p1	954	813.16	4381	740.584
TRINITY_DN54965_c0_g1_i1.p1	516	375.568	2508	917.942
TRINITY_DN59604_c0_g1_i1.p1	618	477.298	2205	635.032
TRINITY_DN55635_c0_g1_i1.p1	537	396.483	2411	835.891
TRINITY_DN99742_c0_g2_i1.p1	1632	1491.16	17434	1607.13
TRINITY_DN84943_c0_g1_i1.p2	342	205.264	10666	7142.77
TRINITY_DN93779_c0_g1_i1.p1	360	222.405	8274	5113.85
TRINITY_DN88156_c0_g1_i1.p2	429	289.426	3530	1676.54
TRINITY_DN84431_c0_g1_i4.p1	1005	864.16	1073	170.68
TRINITY_DN62137_c0_g1_i1.p1	609	468.321	4946	1451.73
TRINITY_DN54579_c0_g1_i1.p1	1014	873.16	1406	221.344
TRINITY_DN99793_c0_g1_i1.p2	810	669.178	12148	2495.4
TRINITY_DN67189_c0_g1_i1.p1	756	615.194	698	155.963
TRINITY_DN88971_c0_g1_i1.p1	486	345.778	676	268.736
TRINITY_DN32130_c0_g1_i1.p1	528	387.54	319	113.149
TRINITY_DN88170_c0_g1_i1.p2	804	663.178	5624	1165.71
TRINITY_DN50166_c0_g1_i1.p1	1194	1053.16	3026	394.959
TRINITY_DN93832_c0_g1_i1.p1	1029	888.16	4059	628.21
TRINITY_DN930_c0_g2_i1.p1	357	219.503	469	293.703
TRINITY_DN78814_c0_g1_i2.p1	855	714.169	1372	264.076
TRINITY_DN99970_c0_g1_i1.p1	405	266.016	7099	3668.31
TRINITY_DN9321_c0_g1_i1.p1	672	531.262	7671	1984.82
TRINITY_DN93990_c0_g1_i1.p1	852	711.169	3029	585.468
TRINITY_DN67242_c0_g2_i1.p1	999	858.16	2255	361.206
TRINITY_DN91218_c0_g1_i1.p1	933	792.169	2177	377.761
TRINITY_DN74058_c0_g1_i1.p1	927	786.169	1110	194.081
TRINITY_DN14040_c0_g1_i1.p1	1650	1509.16	7521	685.042
TRINITY_DN85037_c0_g1_i1.p1	459	319.012	9462	4077.11
TRINITY_DN494_c0_g1_i1.p2	336	199.59	742	511.025
TRINITY_DN35984_c0_g2_i1.p1	669	528.262	11365	2957.31
TRINITY_DN96945_c0_g1_i1.p1	636	495.28	3011	835.673
TRINITY_DN53005_c1_g1_i1.p2	555	414.423	473	156.889
TRINITY_DN20851_c0_g1_i1.p1	1323	1182.16	6943	807.324
TRINITY_DN11614_c0_g1_i1.p1	1338	1197.16	1620	186.011
TRINITY_DN77799_c0_g2_i1.p1	930	789.169	1208	210.413
TRINITY_DN46176_c0_g1_i1.p1	882	741.169	2905	538.772
TRINITY_DN94867_c0_g1_i1.p1	498	357.688	5065	1946.49
TRINITY_DN33568_c0_g1_i1.p1	696	555.222	2325	575.616
TRINITY_DN97047_c0_g1_i1.p2	729	588.208	3818	892.24
TRINITY_DN60657_c2_g1_i1.p1	489	348.749	199	78.4363
TRINITY_DN75476_c0_g1_i2.p1	675	534.249	835	214.842
TRINITY_DN34141_c1_g1_i1.p1	1152	1011.16	2671	363.104
TRINITY_DN60531_c0_g1_i2.p1	456	316.035	526	228.785
TRINITY_DN11040_c0_g1_i1.p1	357	219.503	4011	2511.82
TRINITY_DN70988_c0_g1_i1.p1	777	636.194	4711	1017.89
TRINITY_DN99966_c0_g1_i1.p1	504	363.609	3795	1434.68
TRINITY_DN91081_c0_g1_i1.p1	324	188.332	4404	3214.39
TRINITY_DN73587_c0_g1_i1.p1	618	477.298	411	118.367
TRINITY_DN85059_c0_g1_i1.p1	849	708.169	2203	427.616
TRINITY_DN91110_c0_g1_i1.p1	357	219.503	1287	805.962
TRINITY_DN100066_c0_g1_i1.p1	408	268.908	4967	2539.03
TRINITY_DN77083_c0_g1_i1.p1	732	591.201	212	49.2921
TRINITY_DN82485_c0_g1_i4.p1	1590	1449.16	812	77.0223
TRINITY_DN54924_c0_g1_i1.p1	846	705.169	1409	274.659
TRINITY_DN94182_c0_g1_i1.p1	507	366.587	4564	1711.38
TRINITY_DN70824_c1_g1_i1.p1	882	741.169	4243	786.923
TRINITY_DN97015_c0_g1_i1.p1	1110	969.16	1646	233.459
TRINITY_DN28191_c0_g1_i1.p1	924	783.169	1141	200.266
TRINITY_DN88587_c0_g1_i1.p1	570	429.387	1178	377.114
TRINITY_DN61025_c0_g1_i2.p2	672	531.262	1495	386.821
TRINITY_DN74574_c0_g1_i1.p1	1173	1032.16	1093	145.563
TRINITY_DN99770_c0_g1_i1.p2	525	384.545	3183	1137.8
TRINITY_DN91834_c0_g1_i1.p1	753	612.194	1122	251.931
TRINITY_DN90786_c0_g1_i1.p1	825	684.178	2838	570.191
TRINITY_DN79053_c0_g2_i1.p1	1200	1059.16	640	83.0606
TRINITY_DN55664_c0_g1_i1.p1	663	522.262	1927	507.19
TRINITY_DN52014_c0_g1_i1.p1	813	672.178	3878	793.05
TRINITY_DN100074_c0_g1_i1.p1	414	274.744	1632	816.523
TRINITY_DN79695_c0_g1_i1.p1	393	254.291	424	229.198
TRINITY_DN67428_c1_g1_i2.p1	606	465.321	74	21.8603
TRINITY_DN78914_c0_g1_i1.p1	981	840.16	596	97.5127
TRINITY_DN499_c0_g1_i1.p1	405	266.016	446	230.464
TRINITY_DN51043_c0_g1_i1.p1	447	307.116	278	124.428
TRINITY_DN79408_c0_g1_i1.p2	639	498.28	668	184.281
TRINITY_DN70146_c0_g1_i1.p1	918	777.169	740	130.886
TRINITY_DN43003_c0_g2_i1.p1	849	708.169	1073	208.276
TRINITY_DN56604_c0_g1_i1.p1	1284	1143.16	2529	304.102
TRINITY_DN94104_c1_g1_i1.p1	1023	882.16	2878	448.457
TRINITY_DN80819_c0_g1_i1.p1	303	168.863	56	45.586
TRINITY_DN82952_c0_g1_i1.p1	489	348.749	254	100.115
TRINITY_DN72265_c1_g1_i1.p1	546	405.438	1478	501.102
TRINITY_DN25286_c0_g2_i1.p1	1215	1074.16	5757	736.723
TRINITY_DN75775_c0_g2_i1.p1	726	585.208	369	86.6748
TRINITY_DN18712_c0_g2_i1.p1	579	438.377	3862	1210.99
TRINITY_DN16521_c0_g1_i1.p2	450	310.097	607	269.072
TRINITY_DN80784_c0_g1_i1.p1	1413	1272.16	1392	150.409
TRINITY_DN93720_c1_g1_i1.p1	804	663.178	4125	855.009
TRINITY_DN65495_c0_g1_i1.p1	882	741.169	2554	473.675
TRINITY_DN96891_c0_g1_i1.p1	1371	1230.16	73984	8267.1
TRINITY_DN63014_c0_g1_i1.p1	1422	1281.16	539	57.8312
TRINITY_DN72267_c0_g1_i1.p1	600	459.344	953	285.188
TRINITY_DN37040_c0_g1_i1.p1	762	621.194	60047	13287.4
TRINITY_DN93713_c0_g1_i1.p1	603	462.332	2728	811.086
TRINITY_DN73565_c0_g1_i1.p1	840	699.169	503	98.8923
TRINITY_DN49099_c0_g1_i1.p2	582	441.377	3814	1187.81
TRINITY_DN70453_c0_g1_i1.p1	1338	1197.16	2402	275.802
TRINITY_DN75580_c0_g1_i1.p1	537	396.483	143	49.578
TRINITY_DN75663_c0_g2_i1.p1	1215	1074.16	661	84.5881
TRINITY_DN36975_c0_g4_i1.p1	1110	969.16	5231	741.935
TRINITY_DN55200_c0_g1_i1.p1	1095	954.16	1930	278.044
TRINITY_DN75042_c0_g1_i2.p1	2559	2418.16	1536	87.3138
TRINITY_DN84307_c0_g2_i1.p1	396	257.213	279	149.104
TRINITY_DN93726_c0_g1_i1.p1	2778	2637.16	2307	120.251
TRINITY_DN72490_c0_g1_i1.p2	411	271.801	3291	1664.38
TRINITY_DN94457_c0_g1_i1.p1	477	336.829	3213	1311.23
TRINITY_DN78698_c0_g1_i1.p1	711	570.215	3704	892.913
TRINITY_DN80464_c0_g2_i1.p1	783	642.186	351	75.1317
TRINITY_DN58095_c0_g1_i2.p1	702	561.222	3351	820.76
TRINITY_DN52901_c0_g1_i1.p1	525	384.545	517	184.808
TRINITY_DN77892_c0_g1_i1.p1	1935	1794.16	4221	323.393
TRINITY_DN65526_c0_g1_i2.p1	2748	2607.16	4001	210.949
TRINITY_DN90991_c0_g1_i1.p1	540	399.458	840	289.058
TRINITY_DN38101_c0_g2_i1.p1	2493	2352.16	3861	225.637
TRINITY_DN85355_c0_g1_i1.p2	537	396.483	480	166.416
TRINITY_DN84349_c1_g5_i1.p1	999	858.16	592	94.8266
TRINITY_DN56480_c0_g2_i1.p1	309	174.38	279	219.93
TRINITY_DN75225_c0_g1_i1.p1	420	280.622	683	334.562
TRINITY_DN54647_c0_g1_i1.p1	813	672.178	18817	3848.07
TRINITY_DN7349_c0_g1_i1.p1	672	531.262	200	51.7486
TRINITY_DN82821_c0_g1_i5.p1	2322	2181.16	6742	424.892
TRINITY_DN23351_c0_g1_i1.p1	369	231.072	1931	1148.72
TRINITY_DN90887_c0_g1_i1.p1	387	248.455	2282	1262.54
TRINITY_DN100194_c0_g1_i1.p1	633	492.28	1765	492.844
TRINITY_DN26745_c0_g1_i1.p1	870	729.169	188	35.441
TRINITY_DN10448_c0_g1_i1.p1	1887	1746.16	2312	182.004
TRINITY_DN81597_c0_g1_i1.p1	648	507.28	1391	376.926
TRINITY_DN38151_c0_g1_i1.p1	744	603.194	1701	387.636
TRINITY_DN77838_c1_g2_i3.p1	828	687.178	261	52.2093
TRINITY_DN93869_c0_g1_i1.p1	825	684.178	1787	359.031
TRINITY_DN13939_c0_g1_i1.p2	816	675.178	1030	209.699
